Time (ms),TCP_x (mm),TCP_y (mm),TCP_z (mm),TCP_rx (mm),TCP_ry (mm),TCP_rz (mm),Robot_I (A)
0.0,238.7,-800.9,177.1,1.234,1.182,-1.206,1.48
2.0,238.7,-800.9,177.1,1.234,1.182,-1.206,1.48
19.99599999999998,238.7,-800.9,177.1,1.234,1.182,-1.206,1.48
36.00300000000004,238.7,-800.9,177.1,1.234,1.182,-1.206,1.48
40.00100000000009,238.7,-800.9,177.1,1.234,1.182,-1.206,1.48
42.0,239.0,-801.3,177.1,1.234,1.181,-1.206,1.69
46.00199999999995,239.0,-801.3,177.1,1.234,1.181,-1.206,1.69
50.00300000000004,239.0,-801.3,177.1,1.234,1.181,-1.206,1.69
65.99800000000005,239.0,-801.3,177.1,1.234,1.181,-1.206,1.69
69.9960000000001,239.0,-801.3,177.1,1.234,1.181,-1.206,1.69
71.995,239.0,-801.4,177.5,1.233,1.18,-1.206,1.374
75.9960000000001,239.0,-801.4,177.5,1.233,1.18,-1.206,1.374
79.9960000000001,239.0,-801.4,177.5,1.233,1.18,-1.206,1.374
81.995,239.0,-801.4,177.5,1.233,1.18,-1.206,1.374
83.995,238.8,-801.6,177.6,1.233,1.18,-1.206,1.514
85.9960000000001,238.8,-801.6,177.6,1.233,1.18,-1.206,1.514
87.9960000000001,238.8,-801.6,177.6,1.233,1.18,-1.206,1.514
89.9960000000001,238.8,-801.6,177.6,1.233,1.18,-1.206,1.514
93.99699999999996,238.8,-801.6,177.6,1.233,1.18,-1.206,1.514
95.995,238.8,-801.6,177.6,1.233,1.18,-1.206,1.514
98.00099999999998,238.9,-801.7,177.8,1.233,1.18,-1.206,1.409
101.99900000000002,238.9,-801.7,177.8,1.233,1.18,-1.206,1.409
104.0,238.9,-801.7,177.8,1.233,1.18,-1.206,1.409
106.00099999999998,238.9,-801.7,177.8,1.233,1.18,-1.206,1.409
108.00099999999998,238.9,-801.7,177.8,1.233,1.18,-1.206,1.409
112.00099999999998,239.1,-801.9,178.2,1.233,1.179,-1.206,1.339
114.0,239.1,-801.9,178.2,1.233,1.179,-1.206,1.339
115.99900000000002,239.1,-801.9,178.2,1.233,1.179,-1.206,1.339
117.99900000000002,239.1,-801.9,178.2,1.233,1.179,-1.206,1.339
120.00099999999998,239.1,-801.9,178.2,1.233,1.179,-1.206,1.339
123.99900000000002,239.1,-802.0,178.5,1.233,1.179,-1.206,1.232
128.00400000000002,239.1,-802.0,178.5,1.233,1.179,-1.206,1.232
130.0,239.1,-802.0,178.5,1.233,1.179,-1.206,1.232
132.0,239.1,-802.0,178.5,1.233,1.179,-1.206,1.232
134.0,239.1,-802.0,178.5,1.233,1.179,-1.206,1.232
138.0,239.1,-801.9,178.7,1.233,1.179,-1.206,1.162
139.99900000000002,239.1,-801.9,178.7,1.233,1.179,-1.206,1.162
144.00200000000007,239.1,-801.9,178.7,1.233,1.179,-1.206,1.162
148.0010000000001,239.1,-801.9,178.7,1.233,1.179,-1.206,1.162
152.0010000000001,239.1,-802.0,178.7,1.232,1.178,-1.206,1.268
153.99900000000002,239.1,-802.0,178.7,1.232,1.178,-1.206,1.268
156.0,239.1,-802.0,178.7,1.232,1.178,-1.206,1.268
158.0010000000001,239.1,-802.0,178.7,1.232,1.178,-1.206,1.268
159.99800000000005,239.1,-802.0,178.7,1.232,1.178,-1.206,1.268
162.0,239.1,-801.9,178.8,1.232,1.178,-1.206,1.162
164.0,239.1,-801.9,178.8,1.232,1.178,-1.206,1.162
166.0010000000001,239.1,-801.9,178.8,1.232,1.178,-1.206,1.162
170.0010000000001,239.1,-801.9,178.8,1.232,1.178,-1.206,1.162
171.99900000000002,239.1,-801.9,178.8,1.232,1.178,-1.206,1.162
175.99599999999998,239.0,-801.9,178.9,1.232,1.178,-1.206,1.197
177.99599999999998,239.0,-801.9,178.9,1.232,1.178,-1.206,1.197
179.99700000000007,239.0,-801.9,178.9,1.232,1.178,-1.206,1.197
181.995,239.0,-801.9,178.9,1.232,1.178,-1.206,1.197
183.99700000000007,239.0,-801.9,178.9,1.232,1.178,-1.206,1.197
185.9960000000001,239.0,-801.9,178.9,1.232,1.178,-1.206,1.197
187.99700000000007,239.0,-801.9,178.9,1.232,1.178,-1.206,1.127
191.9960000000001,239.0,-801.9,178.9,1.232,1.178,-1.206,1.127
195.995,239.0,-801.9,178.9,1.232,1.178,-1.206,1.127
199.9960000000001,239.0,-801.9,178.9,1.232,1.178,-1.206,1.127
203.995,239.0,-801.9,178.9,1.232,1.178,-1.206,1.163
207.99900000000002,239.0,-801.9,178.9,1.232,1.178,-1.206,1.163
210.00099999999998,239.0,-801.9,178.9,1.232,1.178,-1.206,1.163
211.99900000000002,239.0,-801.9,178.9,1.232,1.178,-1.206,1.163
218.00099999999998,239.0,-801.9,178.9,1.232,1.178,-1.206,1.232
221.99700000000007,239.0,-801.9,178.9,1.232,1.178,-1.206,1.232
238.00099999999998,239.0,-801.9,178.9,1.232,1.178,-1.206,1.232
239.99900000000002,239.0,-801.9,178.9,1.232,1.178,-1.206,1.232
241.99900000000002,239.0,-801.9,178.9,1.232,1.178,-1.206,1.232
244.00200000000007,239.0,-801.9,178.9,1.232,1.178,-1.206,1.057
246.0,239.0,-801.9,178.9,1.232,1.178,-1.206,1.057
250.0,239.0,-801.9,178.9,1.232,1.178,-1.206,1.057
252.00099999999998,239.0,-801.9,178.9,1.232,1.178,-1.206,1.057
254.00099999999998,239.0,-801.9,178.9,1.232,1.178,-1.206,1.057
255.99900000000002,239.0,-801.9,178.9,1.232,1.178,-1.206,1.057
260.0,239.0,-801.9,178.9,1.232,1.178,-1.206,1.268
262.001,239.0,-801.9,178.9,1.232,1.178,-1.206,1.268
266.001,239.0,-801.9,178.9,1.232,1.178,-1.206,1.268
267.999,239.0,-801.9,178.9,1.232,1.178,-1.206,1.268
272.001,239.0,-801.9,178.9,1.232,1.178,-1.206,1.233
273.999,239.0,-801.9,178.9,1.232,1.178,-1.206,1.233
275.999,239.0,-801.9,178.9,1.232,1.178,-1.206,1.233
277.999,239.0,-801.9,178.9,1.232,1.178,-1.206,1.233
279.99800000000005,239.0,-801.9,178.9,1.232,1.178,-1.206,1.233
283.999,239.0,-801.9,179.0,1.232,1.178,-1.206,1.197
285.999,239.0,-801.9,179.0,1.232,1.178,-1.206,1.197
288.0,239.0,-801.9,179.0,1.232,1.178,-1.206,1.197
290.0,239.0,-801.9,179.0,1.232,1.178,-1.206,1.197
293.999,239.0,-801.9,179.0,1.232,1.178,-1.206,1.197
298.001,239.0,-801.9,179.0,1.232,1.178,-1.206,1.197
300.0,239.0,-801.9,179.0,1.232,1.178,-1.206,1.091
303.999,239.0,-801.9,179.0,1.232,1.178,-1.206,1.091
305.999,239.0,-801.9,179.0,1.232,1.178,-1.206,1.091
310.0,239.0,-801.9,179.0,1.232,1.178,-1.206,1.091
312.0,239.0,-801.9,179.0,1.232,1.178,-1.206,0.986
314.001,239.0,-801.9,179.0,1.232,1.178,-1.206,0.986
316.009,239.0,-801.9,179.0,1.232,1.178,-1.206,0.986
318.0,239.0,-801.9,179.0,1.232,1.178,-1.206,0.986
322.001,239.0,-801.9,179.0,1.232,1.178,-1.206,0.986
324.0,239.0,-801.9,179.0,1.232,1.178,-1.206,0.986
326.0,239.0,-801.9,179.0,1.232,1.178,-1.206,1.197
328.001,239.0,-801.9,179.0,1.232,1.178,-1.206,1.197
345.99800000000005,239.0,-801.9,179.0,1.232,1.178,-1.206,1.197
349.99800000000005,239.0,-801.9,179.0,1.232,1.178,-1.206,1.197
351.9960000000001,239.0,-801.9,179.0,1.232,1.178,-1.206,1.162
353.99700000000007,239.0,-801.9,179.0,1.232,1.178,-1.206,1.162
355.9960000000001,239.0,-801.9,179.0,1.232,1.178,-1.206,1.162
358.0010000000002,239.0,-801.9,179.0,1.232,1.178,-1.206,1.162
359.9979999999998,239.0,-801.9,179.0,1.232,1.178,-1.206,1.162
361.9979999999998,239.0,-801.9,179.0,1.232,1.178,-1.206,1.162
364.0010000000002,239.0,-801.9,179.0,1.232,1.178,-1.206,1.303
367.999,239.0,-801.9,179.0,1.232,1.178,-1.206,1.303
370.00199999999995,239.0,-801.9,179.0,1.232,1.178,-1.206,1.303
374.00299999999993,239.0,-801.9,179.0,1.232,1.178,-1.206,1.303
376.00299999999993,239.0,-801.9,179.0,1.232,1.178,-1.206,1.303
380.00299999999993,239.0,-801.9,179.0,1.232,1.178,-1.206,1.197
382.00299999999993,239.0,-801.9,179.0,1.232,1.178,-1.206,1.197
384.00199999999995,239.0,-801.9,179.0,1.232,1.178,-1.206,1.197
386.0,239.0,-801.9,179.0,1.232,1.178,-1.206,1.197
388.001,239.0,-801.9,179.0,1.232,1.178,-1.206,1.197
390.0,239.0,-801.9,179.0,1.232,1.178,-1.206,1.197
393.99700000000007,239.0,-801.9,179.0,1.232,1.178,-1.206,1.197
398.0,239.0,-801.9,179.0,1.232,1.178,-1.206,1.197
400.0020000000002,239.0,-801.9,179.0,1.232,1.178,-1.206,1.197
401.999,239.0,-801.9,179.0,1.232,1.178,-1.206,1.197
403.999,239.0,-801.9,179.0,1.232,1.178,-1.206,1.092
406.001,239.0,-801.9,179.0,1.232,1.178,-1.206,1.092
424.009,239.0,-801.9,179.0,1.232,1.178,-1.206,1.092
428.0020000000002,239.0,-801.9,179.0,1.232,1.178,-1.206,1.092
430.0,239.0,-801.9,179.0,1.232,1.178,-1.206,1.092
432.0,239.0,-801.9,179.0,1.232,1.178,-1.206,1.197
433.999,239.0,-801.9,179.0,1.232,1.178,-1.206,1.197
436.001,239.0,-801.9,179.0,1.232,1.178,-1.206,1.197
440.0020000000002,239.0,-801.9,179.0,1.232,1.178,-1.206,1.197
444.0020000000002,239.0,-801.9,179.0,1.232,1.178,-1.206,1.197
446.0,239.0,-801.9,179.0,1.232,1.178,-1.206,1.197
450.001,239.0,-801.9,179.0,1.232,1.178,-1.206,1.197
451.999,239.0,-801.9,179.0,1.232,1.178,-1.206,1.197
453.99700000000007,239.0,-801.9,179.0,1.232,1.178,-1.206,1.197
457.9950000000001,239.0,-801.9,179.0,1.232,1.178,-1.206,1.127
459.99599999999987,239.0,-801.9,179.0,1.232,1.178,-1.206,1.127
461.9950000000001,239.0,-801.9,179.0,1.232,1.178,-1.206,1.127
465.9950000000001,239.0,-801.9,179.0,1.232,1.178,-1.206,1.127
470.0,239.0,-801.9,179.0,1.232,1.178,-1.206,1.127
474.00199999999995,239.0,-801.9,179.0,1.232,1.178,-1.206,1.127
477.999,239.0,-801.9,179.0,1.232,1.178,-1.206,1.127
482.001,239.0,-801.9,179.0,1.232,1.178,-1.206,1.127
483.999,239.0,-801.9,179.0,1.232,1.178,-1.206,1.197
487.99800000000005,239.0,-801.9,179.0,1.232,1.178,-1.206,1.197
489.99700000000007,239.0,-801.9,179.0,1.232,1.178,-1.206,1.197
493.99700000000007,239.0,-801.9,179.0,1.232,1.178,-1.206,1.197
495.99700000000007,239.0,-801.9,179.0,1.232,1.178,-1.206,1.197
499.99700000000007,239.0,-801.9,179.0,1.232,1.178,-1.206,1.232
503.99800000000005,239.0,-801.9,179.0,1.232,1.178,-1.206,1.232
505.99800000000005,239.0,-801.9,179.0,1.232,1.178,-1.206,1.232
507.99800000000005,239.0,-801.9,179.0,1.232,1.178,-1.206,1.232
509.99800000000005,239.0,-801.9,179.0,1.232,1.178,-1.206,1.197
511.99699999999984,239.0,-801.9,179.0,1.232,1.178,-1.206,1.197
513.9969999999998,239.0,-801.9,179.0,1.232,1.178,-1.206,1.197
518.001,239.0,-801.9,179.0,1.232,1.178,-1.206,1.197
520.008,239.0,-801.9,179.0,1.232,1.178,-1.206,1.197
524.001,239.0,-801.9,179.0,1.232,1.178,-1.206,1.197
528.002,239.0,-801.9,179.0,1.232,1.178,-1.206,1.197
530.001,239.0,-801.9,179.0,1.232,1.178,-1.206,1.197
531.999,239.0,-801.9,179.0,1.232,1.178,-1.206,1.197
533.999,239.0,-801.9,179.0,1.232,1.178,-1.206,1.197
535.999,239.0,-801.9,179.0,1.232,1.178,-1.206,1.127
537.999,239.0,-801.9,179.0,1.232,1.178,-1.206,1.127
540.001,239.0,-801.9,179.0,1.232,1.178,-1.206,1.127
543.999,239.0,-801.9,179.0,1.232,1.178,-1.206,1.127
546.0,239.0,-801.9,179.0,1.232,1.178,-1.206,1.127
549.998,239.0,-801.9,179.2,1.232,1.178,-1.206,1.091
551.998,239.0,-801.9,179.2,1.232,1.178,-1.206,1.091
553.998,239.0,-801.9,179.2,1.232,1.178,-1.206,1.091
555.998,239.0,-801.9,179.2,1.232,1.178,-1.206,1.091
557.998,239.0,-801.9,179.2,1.232,1.178,-1.206,1.091
559.998,239.0,-801.9,179.2,1.232,1.178,-1.206,1.091
561.998,239.0,-801.9,179.2,1.232,1.178,-1.206,1.091
563.999,239.0,-801.9,179.3,1.232,1.178,-1.206,1.127
565.998,239.0,-801.9,179.3,1.232,1.178,-1.206,1.127
569.998,239.0,-801.9,179.3,1.232,1.178,-1.206,1.127
573.998,239.0,-801.9,179.3,1.232,1.178,-1.206,1.127
577.998,239.0,-801.9,179.2,1.232,1.178,-1.206,1.197
579.9970000000001,239.0,-801.9,179.2,1.232,1.178,-1.206,1.197
581.9960000000001,239.0,-801.9,179.2,1.232,1.178,-1.206,1.197
584.002,239.0,-801.9,179.2,1.232,1.178,-1.206,1.197
585.999,239.0,-801.9,179.2,1.232,1.178,-1.206,1.197
588.0,239.0,-801.9,179.2,1.232,1.178,-1.206,1.197
591.9970000000001,238.9,-801.9,179.2,1.232,1.178,-1.206,1.127
596.002,238.9,-801.9,179.2,1.232,1.178,-1.206,1.127
600.0010000000002,238.9,-801.9,179.2,1.232,1.178,-1.206,1.127
602.002,238.9,-801.9,179.2,1.232,1.178,-1.206,1.127
604.0010000000002,238.9,-801.9,179.2,1.232,1.178,-1.206,1.162
608.0,238.9,-801.9,179.2,1.232,1.178,-1.206,1.162
609.999,238.9,-801.9,179.2,1.232,1.178,-1.206,1.162
626.002,238.9,-801.9,179.2,1.232,1.178,-1.206,1.162
630.0029999999999,238.9,-801.9,179.2,1.232,1.178,-1.206,1.127
634.002,238.9,-801.9,179.2,1.232,1.178,-1.206,1.127
636.0029999999999,238.9,-801.9,179.2,1.232,1.178,-1.206,1.127
638.0,238.9,-801.9,179.2,1.232,1.178,-1.206,1.127
640.0,238.9,-801.9,179.2,1.232,1.178,-1.206,1.127
641.9960000000001,238.9,-801.9,179.2,1.232,1.178,-1.206,1.233
645.9960000000001,238.9,-801.9,179.2,1.232,1.178,-1.206,1.233
649.9950000000001,238.9,-801.9,179.2,1.232,1.178,-1.206,1.233
651.9950000000001,238.9,-801.9,179.2,1.232,1.178,-1.206,1.233
655.9960000000001,238.9,-801.9,179.2,1.232,1.178,-1.206,1.127
658.0020000000002,238.9,-801.9,179.2,1.232,1.178,-1.206,1.127
660.0,238.9,-801.9,179.2,1.232,1.178,-1.206,1.127
662.0,238.9,-801.9,179.2,1.232,1.178,-1.206,1.127
664.0,238.9,-801.9,179.2,1.232,1.178,-1.206,1.127
668.0,238.9,-801.9,179.2,1.232,1.178,-1.206,1.127
671.999,238.9,-801.9,179.2,1.232,1.178,-1.206,1.197
676.0020000000002,238.9,-801.9,179.2,1.232,1.178,-1.206,1.197
678.001,238.9,-801.9,179.2,1.232,1.178,-1.206,1.197
679.999,238.9,-801.9,179.2,1.232,1.178,-1.206,1.197
681.999,238.9,-801.9,179.2,1.232,1.178,-1.206,1.127
684.001,238.9,-801.9,179.2,1.232,1.178,-1.206,1.127
687.999,238.9,-801.9,179.2,1.232,1.178,-1.206,1.127
689.999,238.9,-801.9,179.2,1.232,1.178,-1.206,1.127
691.999,238.9,-801.9,179.2,1.232,1.178,-1.206,1.127
696.0,238.9,-801.9,179.2,1.232,1.178,-1.206,1.198
700.0,238.9,-801.9,179.2,1.232,1.178,-1.206,1.198
702.0,238.9,-801.9,179.2,1.232,1.178,-1.206,1.198
704.001,238.9,-801.9,179.2,1.232,1.178,-1.206,1.198
706.0,238.9,-801.9,179.2,1.232,1.178,-1.206,1.198
708.0,238.9,-801.9,179.2,1.232,1.178,-1.206,1.021
710.0069999999998,238.9,-801.9,179.2,1.232,1.178,-1.206,1.021
712.008,238.9,-801.9,179.2,1.232,1.178,-1.206,1.021
715.999,238.9,-801.9,179.2,1.232,1.178,-1.206,1.021
720.0020000000002,238.9,-801.9,179.2,1.232,1.178,-1.206,1.021
735.9959999999999,238.9,-801.9,179.2,1.232,1.178,-1.206,1.021
739.9950000000001,238.9,-801.9,179.2,1.232,1.178,-1.206,1.197
743.9959999999999,238.9,-801.9,179.2,1.232,1.178,-1.206,1.197
747.9970000000001,238.9,-801.9,179.2,1.232,1.178,-1.206,1.197
752.01,238.9,-801.9,179.2,1.232,1.178,-1.206,1.197
754.008,238.9,-801.9,179.2,1.232,1.178,-1.206,1.197
755.999,238.9,-801.9,179.2,1.232,1.178,-1.206,1.197
757.999,238.9,-801.9,179.2,1.232,1.178,-1.206,1.197
760.001,238.9,-801.9,179.2,1.232,1.178,-1.206,1.197
762.001,238.9,-801.9,179.2,1.232,1.178,-1.206,1.197
763.999,238.9,-801.9,179.2,1.232,1.178,-1.206,1.091
765.9969999999998,238.9,-801.9,179.2,1.232,1.178,-1.206,1.091
769.9969999999998,238.9,-801.9,179.2,1.232,1.178,-1.206,1.091
773.9969999999998,238.9,-801.9,179.2,1.232,1.178,-1.206,1.091
777.9950000000001,238.9,-801.9,179.2,1.232,1.178,-1.206,1.127
779.9950000000001,238.9,-801.9,179.2,1.232,1.178,-1.206,1.127
782.001,238.9,-801.9,179.2,1.232,1.178,-1.206,1.127
784.0000000000002,238.9,-801.9,179.2,1.232,1.178,-1.206,1.127
788.001,238.9,-801.9,179.2,1.232,1.178,-1.206,1.127
790.0,238.9,-801.9,179.2,1.232,1.178,-1.206,1.197
794.001,238.9,-801.9,179.2,1.232,1.178,-1.206,1.197
798.0029999999999,238.9,-801.9,179.2,1.232,1.178,-1.206,1.197
800.001,238.9,-801.9,179.2,1.232,1.178,-1.206,1.197
802.0,238.9,-801.9,179.2,1.232,1.178,-1.206,1.197
803.999,238.9,-801.9,179.2,1.232,1.178,-1.206,1.127
805.999,238.9,-801.9,179.2,1.232,1.178,-1.206,1.127
808.001,238.9,-801.9,179.2,1.232,1.178,-1.206,1.127
812.0,238.9,-801.9,179.2,1.232,1.178,-1.206,1.127
815.999,238.9,-801.9,179.2,1.232,1.178,-1.206,1.127
818.009,238.9,-801.9,179.2,1.232,1.178,-1.206,1.127
821.999,238.9,-801.9,179.2,1.232,1.178,-1.206,1.127
824.001,238.9,-801.9,179.2,1.232,1.178,-1.206,1.127
828.002,238.9,-801.9,179.2,1.232,1.178,-1.206,1.092
829.998,238.9,-801.9,179.2,1.232,1.178,-1.206,1.092
835.0029999999999,238.9,-801.9,179.2,1.232,1.178,-1.206,1.092
839.0029999999999,238.9,-801.9,179.2,1.232,1.178,-1.206,1.092
843.0,238.9,-801.9,179.2,1.232,1.178,-1.206,1.197
847.0,238.9,-801.9,179.2,1.232,1.178,-1.206,1.197
851.001,238.9,-801.9,179.2,1.232,1.178,-1.206,1.197
852.999,238.9,-801.9,179.2,1.232,1.178,-1.206,1.197
854.999,238.9,-801.9,179.2,1.232,1.178,-1.206,1.197
857.0,238.9,-801.9,179.2,1.232,1.178,-1.206,1.127
859.0,238.9,-801.9,179.2,1.232,1.178,-1.206,1.127
863.0,238.9,-801.9,179.2,1.232,1.178,-1.206,1.127
865.008,238.9,-801.9,179.2,1.232,1.178,-1.206,1.127
869.008,238.9,-801.9,179.2,1.232,1.178,-1.206,1.127
870.999,238.9,-801.9,179.2,1.232,1.178,-1.206,1.127
872.999,238.9,-801.9,179.2,1.232,1.178,-1.206,1.127
875.0070000000001,238.9,-801.9,179.2,1.232,1.178,-1.206,1.127
889.001,238.9,-801.9,179.2,1.232,1.178,-1.206,1.127
891.001,238.9,-801.9,179.2,1.232,1.178,-1.206,1.127
894.999,238.9,-801.9,179.2,1.232,1.178,-1.206,1.162
896.998,238.9,-801.9,179.2,1.232,1.178,-1.206,1.162
898.998,238.9,-801.9,179.2,1.232,1.178,-1.206,1.162
900.998,238.9,-801.9,179.2,1.232,1.178,-1.206,1.162
902.998,238.9,-801.9,179.2,1.232,1.178,-1.206,1.162
904.998,238.9,-801.9,179.2,1.232,1.178,-1.206,1.162
906.998,238.9,-801.9,179.2,1.232,1.178,-1.206,1.057
908.9969999999998,238.9,-801.9,179.2,1.232,1.178,-1.206,1.057
910.998,238.9,-801.9,179.2,1.232,1.178,-1.206,1.057
912.9969999999998,238.9,-801.9,179.2,1.232,1.178,-1.206,1.057
916.9960000000001,238.9,-801.9,179.2,1.232,1.178,-1.206,1.057
918.998,238.9,-801.9,179.2,1.232,1.178,-1.206,1.162
920.998,238.9,-801.9,179.2,1.232,1.178,-1.206,1.162
922.998,238.9,-801.9,179.2,1.232,1.178,-1.206,1.162
924.998,238.9,-801.9,179.2,1.232,1.178,-1.206,1.162
928.998,238.9,-801.9,179.2,1.232,1.178,-1.206,1.162
930.9969999999998,238.9,-801.9,179.2,1.232,1.178,-1.206,1.162
935.0029999999999,238.9,-801.9,179.2,1.232,1.178,-1.206,1.233
936.999,238.9,-801.9,179.2,1.232,1.178,-1.206,1.233
941.002,238.9,-801.9,179.2,1.232,1.178,-1.206,1.233
945.0029999999999,238.9,-801.9,179.2,1.232,1.178,-1.206,1.197
947.0029999999999,238.9,-801.9,179.2,1.232,1.178,-1.206,1.197
949.0029999999999,238.9,-801.9,179.2,1.232,1.178,-1.206,1.197
951.0029999999999,238.9,-801.9,179.2,1.232,1.178,-1.206,1.197
953.0029999999999,238.9,-801.9,179.2,1.232,1.178,-1.206,1.197
957.002,238.9,-801.9,179.2,1.232,1.178,-1.206,1.197
959.0,238.9,-801.9,179.2,1.232,1.178,-1.206,1.197
963.002,238.9,-801.9,179.2,1.232,1.178,-1.206,1.126
967.0010000000002,238.9,-801.9,179.2,1.232,1.178,-1.206,1.126
968.999,238.9,-801.9,179.2,1.232,1.178,-1.206,1.126
971.002,238.9,-801.9,179.2,1.232,1.178,-1.206,1.126
973.002,238.9,-801.9,179.2,1.232,1.178,-1.206,1.127
974.999,238.9,-801.9,179.2,1.232,1.178,-1.206,1.127
977.002,238.9,-801.9,179.2,1.232,1.178,-1.206,1.127
979.0,238.9,-801.9,179.2,1.232,1.178,-1.206,1.127
981.002,238.9,-801.9,179.2,1.232,1.178,-1.206,1.127
983.002,238.9,-801.9,179.2,1.232,1.178,-1.206,1.127
985.0029999999999,238.9,-801.9,179.2,1.232,1.178,-1.206,1.127
989.0029999999999,238.9,-801.9,179.2,1.232,1.178,-1.206,1.056
993.0029999999999,238.9,-801.9,179.2,1.232,1.178,-1.206,1.056
995.0029999999999,238.9,-801.9,179.2,1.232,1.178,-1.206,1.056
997.0010000000002,238.9,-801.9,179.2,1.232,1.178,-1.206,1.056
999.0,238.9,-801.9,179.2,1.232,1.178,-1.206,1.056
1002.999,238.9,-801.9,179.2,1.232,1.178,-1.206,1.162
1004.999,238.9,-801.9,179.2,1.232,1.178,-1.206,1.162
1009.001,238.9,-801.9,179.2,1.232,1.178,-1.206,1.162
1013.001,238.9,-801.9,179.2,1.232,1.178,-1.206,1.162
1014.999,238.9,-801.9,179.2,1.232,1.178,-1.206,1.162
1017.001,238.9,-801.9,179.2,1.232,1.178,-1.206,1.162
1021.0020000000002,238.9,-801.9,179.2,1.232,1.178,-1.206,1.162
1025.0,238.9,-801.9,179.2,1.232,1.178,-1.206,1.162
1026.999,238.9,-801.9,179.2,1.232,1.178,-1.206,1.162
1031.001,238.9,-801.9,179.2,1.232,1.178,-1.206,1.127
1035.0020000000002,238.9,-801.9,179.2,1.232,1.178,-1.206,1.127
1037.001,238.9,-801.9,179.2,1.232,1.178,-1.206,1.127
1038.999,238.9,-801.9,179.2,1.232,1.178,-1.206,1.127
1040.999,238.9,-801.9,179.2,1.232,1.178,-1.206,1.198
1042.999,238.9,-801.9,179.2,1.232,1.178,-1.206,1.198
1045.001,238.9,-801.9,179.2,1.232,1.178,-1.206,1.198
1047.001,238.9,-801.9,179.2,1.232,1.178,-1.206,1.198
1048.999,238.9,-801.9,179.2,1.232,1.178,-1.206,1.198
1051.0,238.9,-801.9,179.2,1.232,1.178,-1.206,1.198
1055.0,239.1,-802.1,179.6,1.232,1.177,-1.206,1.233
1058.999,239.1,-802.1,179.6,1.232,1.177,-1.206,1.233
1060.999,239.1,-802.1,179.6,1.232,1.177,-1.206,1.233
1063.0,239.1,-802.1,179.6,1.232,1.177,-1.206,1.233
1065.001,239.1,-802.1,179.6,1.232,1.177,-1.206,1.233
1067.0,239.1,-802.1,180.0,1.232,1.177,-1.206,1.233
1068.999,239.1,-802.1,180.0,1.232,1.177,-1.206,1.233
1070.999,239.1,-802.1,180.0,1.232,1.177,-1.206,1.233
1073.001,239.1,-802.1,180.0,1.232,1.177,-1.206,1.233
1075.001,239.1,-802.1,180.0,1.232,1.177,-1.206,1.233
1079.0,239.0,-802.1,180.2,1.232,1.176,-1.206,1.021
1083.001,239.0,-802.1,180.2,1.232,1.176,-1.206,1.021
1085.0,239.0,-802.1,180.2,1.232,1.176,-1.206,1.021
1086.999,239.0,-802.1,180.2,1.232,1.176,-1.206,1.021
1088.999,239.0,-802.1,180.2,1.232,1.176,-1.206,1.021
1090.999,239.0,-802.1,180.2,1.232,1.176,-1.206,1.021
1092.999,239.0,-802.0,180.5,1.231,1.176,-1.206,0.986
1097.001,239.0,-802.0,180.5,1.231,1.176,-1.206,0.986
1098.999,239.0,-802.0,180.5,1.231,1.176,-1.206,0.986
1100.999,239.0,-802.0,180.5,1.231,1.176,-1.206,0.986
1105.0,239.0,-802.0,180.7,1.231,1.176,-1.206,1.056
1108.999,239.0,-802.0,180.7,1.231,1.176,-1.206,1.056
1110.999,239.0,-802.0,180.7,1.231,1.176,-1.206,1.056
1117.001,239.0,-802.0,180.7,1.231,1.176,-1.206,1.056
1119.007,239.0,-802.0,180.7,1.231,1.176,-1.206,1.056
1121.001,239.0,-802.0,180.7,1.231,1.176,-1.206,1.056
1123.001,239.0,-802.0,181.0,1.231,1.175,-1.206,1.056
1124.999,239.0,-802.0,181.0,1.231,1.175,-1.206,1.056
1129.0,239.0,-802.0,181.0,1.231,1.175,-1.206,1.056
1133.0,239.0,-802.0,181.0,1.231,1.175,-1.206,1.056
1134.999,239.0,-802.0,181.3,1.231,1.175,-1.206,0.951
1136.999,239.0,-802.0,181.3,1.231,1.175,-1.206,0.951
1139.007,239.0,-802.0,181.3,1.231,1.175,-1.206,0.951
1141.0,239.0,-802.0,181.3,1.231,1.175,-1.206,0.951
1143.002,239.0,-802.0,181.3,1.231,1.175,-1.206,0.951
1145.008,239.0,-802.0,181.3,1.231,1.175,-1.206,0.951
1146.999,239.0,-802.0,181.3,1.231,1.175,-1.206,0.951
1148.999,239.0,-802.0,181.5,1.231,1.175,-1.206,0.951
1153.001,239.0,-802.0,181.5,1.231,1.175,-1.206,0.951
1154.999,239.0,-802.0,181.5,1.231,1.175,-1.206,0.951
1156.999,239.0,-802.0,181.5,1.231,1.175,-1.206,0.951
1158.999,239.0,-802.0,181.5,1.231,1.175,-1.206,0.951
1161.001,239.0,-802.0,181.5,1.231,1.175,-1.206,1.021
1162.997,239.0,-802.0,181.5,1.231,1.175,-1.206,1.021
1165.0,239.0,-802.0,181.5,1.231,1.175,-1.206,1.021
1166.999,239.0,-802.0,181.5,1.231,1.175,-1.206,1.021
1168.999,239.0,-802.0,181.5,1.231,1.175,-1.206,1.021
1170.999,239.0,-802.0,181.5,1.231,1.175,-1.206,1.021
1174.999,238.9,-802.0,181.6,1.231,1.175,-1.206,0.985
1178.999,238.9,-802.0,181.6,1.231,1.175,-1.206,0.985
1180.999,238.9,-802.0,181.6,1.231,1.175,-1.206,0.985
1182.998,238.9,-802.0,181.6,1.231,1.175,-1.206,0.985
1186.998,238.9,-802.0,181.6,1.231,1.175,-1.206,0.985
1188.997,238.9,-802.0,181.7,1.231,1.175,-1.206,1.092
1190.997,238.9,-802.0,181.7,1.231,1.175,-1.206,1.092
1192.998,238.9,-802.0,181.7,1.231,1.175,-1.206,1.092
1194.998,238.9,-802.0,181.7,1.231,1.175,-1.206,1.092
1198.996,238.9,-802.0,181.7,1.231,1.175,-1.206,1.092
1202.996,238.8,-802.0,181.8,1.231,1.174,-1.206,0.986
1204.998,238.8,-802.0,181.8,1.231,1.174,-1.206,0.986
1206.998,238.8,-802.0,181.8,1.231,1.174,-1.206,0.986
1208.998,238.8,-802.0,181.8,1.231,1.174,-1.206,0.986
1210.998,238.8,-802.0,181.8,1.231,1.174,-1.206,0.986
1212.999,238.8,-802.0,181.8,1.231,1.174,-1.206,0.986
1218.996,238.9,-802.0,181.9,1.231,1.174,-1.206,1.056
1220.998,238.9,-802.0,181.9,1.231,1.174,-1.206,1.056
1224.997,238.9,-802.0,181.9,1.231,1.174,-1.206,1.056
1241.003,238.9,-802.0,181.9,1.231,1.174,-1.206,1.056
1256.997,238.9,-802.0,181.9,1.231,1.174,-1.206,1.056
1260.997,238.8,-802.0,181.9,1.231,1.174,-1.206,1.056
1262.997,238.8,-802.0,181.9,1.231,1.174,-1.206,1.056
1264.9950000000001,238.8,-802.0,181.9,1.231,1.174,-1.206,1.056
1266.996,238.8,-802.0,181.9,1.231,1.174,-1.206,1.056
1268.997,238.8,-802.0,181.9,1.231,1.174,-1.206,1.056
1270.997,238.8,-802.0,181.9,1.231,1.174,-1.206,1.056
1272.997,238.8,-802.0,182.0,1.231,1.174,-1.206,1.056
1274.997,238.8,-802.0,182.0,1.231,1.174,-1.206,1.056
1289.003,238.8,-802.0,182.0,1.231,1.174,-1.206,1.056
1293.002,238.8,-802.0,182.0,1.231,1.174,-1.206,1.056
1297.002,238.8,-802.0,182.0,1.231,1.174,-1.206,1.056
1299.001,238.8,-802.0,182.1,1.231,1.174,-1.206,1.092
1300.999,238.8,-802.0,182.1,1.231,1.174,-1.206,1.092
1319.003,238.8,-802.0,182.1,1.231,1.174,-1.206,1.092
1320.999,238.8,-802.0,182.1,1.231,1.174,-1.206,1.092
1322.999,238.8,-802.0,182.1,1.231,1.174,-1.206,1.092
1325.0,238.9,-802.0,182.2,1.231,1.174,-1.206,1.021
1327.001,238.9,-802.0,182.2,1.231,1.174,-1.206,1.021
1330.999,238.9,-802.0,182.2,1.231,1.174,-1.206,1.021
1335.003,238.9,-802.0,182.2,1.231,1.174,-1.206,1.021
1348.997,238.9,-802.0,182.2,1.231,1.174,-1.206,1.021
1350.9950000000001,238.9,-802.1,182.3,1.23,1.174,-1.206,0.951
1352.997,238.9,-802.1,182.3,1.23,1.174,-1.206,0.951
1356.996,238.9,-802.1,182.3,1.23,1.174,-1.206,0.951
1358.9950000000001,238.9,-802.1,182.3,1.23,1.174,-1.206,0.951
1362.998,238.9,-802.1,182.4,1.23,1.173,-1.206,1.056
1364.996,238.9,-802.1,182.4,1.23,1.173,-1.206,1.056
1366.996,238.9,-802.1,182.4,1.23,1.173,-1.206,1.056
1368.9950000000001,238.9,-802.1,182.4,1.23,1.173,-1.206,1.056
1370.9950000000001,238.9,-802.1,182.4,1.23,1.173,-1.206,1.056
1372.9959999999999,238.9,-802.1,182.4,1.23,1.173,-1.206,1.056
1374.9960000000003,238.9,-802.1,182.4,1.23,1.173,-1.206,1.056
1376.9959999999999,238.9,-802.1,182.4,1.23,1.173,-1.206,1.198
1378.9950000000001,238.9,-802.1,182.4,1.23,1.173,-1.206,1.198
1383.001,238.9,-802.1,182.4,1.23,1.173,-1.206,1.198
1385.001,238.9,-802.1,182.4,1.23,1.173,-1.206,1.198
1389.0000000000002,238.9,-802.1,182.4,1.23,1.173,-1.206,1.198
1390.999,238.9,-802.1,182.4,1.23,1.173,-1.206,1.022
1392.999,238.9,-802.1,182.4,1.23,1.173,-1.206,1.022
1395.001,238.9,-802.1,182.4,1.23,1.173,-1.206,1.022
1397.001,238.9,-802.1,182.4,1.23,1.173,-1.206,1.022
1398.999,238.9,-802.1,182.4,1.23,1.173,-1.206,1.022
1400.999,238.9,-802.1,182.4,1.23,1.173,-1.206,1.022
1403.0000000000002,238.9,-802.1,182.3,1.23,1.173,-1.206,0.986
1404.999,238.9,-802.1,182.3,1.23,1.173,-1.206,0.986
1408.999,238.9,-802.1,182.3,1.23,1.173,-1.206,0.986
1410.999,238.9,-802.1,182.3,1.23,1.173,-1.206,0.986
1412.999,238.9,-802.1,182.3,1.23,1.173,-1.206,0.986
1415.0000000000002,238.9,-802.1,182.3,1.23,1.173,-1.206,0.986
1417.0000000000002,238.9,-802.1,182.3,1.23,1.174,-1.206,0.951
1418.9980000000003,238.9,-802.1,182.3,1.23,1.174,-1.206,0.951
1423.006,238.9,-802.1,182.3,1.23,1.174,-1.206,0.951
1427.0090000000002,238.9,-802.1,182.3,1.23,1.174,-1.206,0.951
1429.0000000000002,238.9,-802.1,182.4,1.23,1.173,-1.206,1.056
1430.999,238.9,-802.1,182.4,1.23,1.173,-1.206,1.056
1434.999,238.9,-802.1,182.4,1.23,1.173,-1.206,1.056
1439.0069999999998,238.9,-802.1,182.4,1.23,1.173,-1.206,1.056
1440.999,238.9,-802.1,182.4,1.23,1.173,-1.206,1.056
1442.9959999999999,238.9,-802.1,182.4,1.23,1.173,-1.206,0.986
1445.0020000000002,238.9,-802.1,182.4,1.23,1.173,-1.206,0.986
1447.0000000000002,238.9,-802.1,182.4,1.23,1.173,-1.206,0.986
1448.999,238.9,-802.1,182.4,1.23,1.173,-1.206,0.986
1450.999,238.9,-802.1,182.4,1.23,1.173,-1.206,0.986
1455.0000000000002,238.9,-802.1,182.4,1.23,1.173,-1.206,0.986
1458.9959999999999,238.9,-802.1,182.5,1.23,1.173,-1.206,1.021
1475.001,238.9,-802.1,182.5,1.23,1.173,-1.206,1.021
1476.999,238.9,-802.1,182.5,1.23,1.173,-1.206,1.021
1481.001,238.9,-802.1,182.5,1.23,1.173,-1.206,1.021
1485.0000000000002,238.9,-802.1,182.7,1.23,1.173,-1.206,0.951
1486.999,238.9,-802.1,182.7,1.23,1.173,-1.206,0.951
1488.999,238.9,-802.1,182.7,1.23,1.173,-1.206,0.951
1493.01,238.9,-802.1,182.7,1.23,1.173,-1.206,0.951
1497.0090000000002,238.8,-802.1,182.8,1.23,1.173,-1.206,1.021
1501.0090000000002,238.8,-802.1,182.8,1.23,1.173,-1.206,1.021
1502.997,238.8,-802.1,182.8,1.23,1.173,-1.206,1.021
1506.999,238.8,-802.1,182.8,1.23,1.173,-1.206,1.021
1511.001,238.8,-802.1,182.8,1.23,1.173,-1.206,1.02
1513.001,238.8,-802.1,182.8,1.23,1.173,-1.206,1.02
1517.0000000000002,238.8,-802.1,182.8,1.23,1.173,-1.206,1.02
1518.9980000000003,238.8,-802.1,182.8,1.23,1.173,-1.206,1.02
1537.0020000000002,238.8,-802.1,182.9,1.23,1.173,-1.206,1.021
1552.997,238.8,-802.1,182.9,1.23,1.173,-1.206,1.021
1554.997,238.8,-802.1,182.9,1.23,1.173,-1.206,1.021
1556.9960000000003,238.8,-802.1,182.9,1.23,1.173,-1.206,1.021
1560.9960000000003,238.8,-802.1,182.9,1.23,1.173,-1.206,1.021
1564.997,238.9,-802.2,183.0,1.23,1.172,-1.206,0.951
1566.9959999999999,238.9,-802.2,183.0,1.23,1.172,-1.206,0.951
1579.003,238.9,-802.2,183.0,1.23,1.172,-1.206,0.951
1581.003,238.9,-802.2,183.0,1.23,1.172,-1.206,0.951
1583.0000000000002,238.9,-802.2,183.0,1.23,1.172,-1.206,0.951
1584.9960000000003,238.9,-802.2,183.0,1.23,1.172,-1.206,0.951
1588.9960000000003,238.9,-802.2,183.0,1.23,1.172,-1.206,1.021
1592.997,238.9,-802.2,183.0,1.23,1.172,-1.206,1.021
1594.9959999999999,238.9,-802.2,183.0,1.23,1.172,-1.206,1.021
1596.9960000000003,238.9,-802.2,183.0,1.23,1.172,-1.206,1.021
1599.0010000000004,238.9,-802.2,183.0,1.23,1.172,-1.206,1.021
1601.0000000000002,238.9,-802.2,183.0,1.23,1.172,-1.206,0.916
1603.0000000000002,238.9,-802.2,183.0,1.23,1.172,-1.206,0.916
1605.001,238.9,-802.2,183.0,1.23,1.172,-1.206,0.916
1609.001,238.9,-802.2,183.0,1.23,1.172,-1.206,0.916
1611.0000000000002,238.9,-802.2,183.0,1.23,1.172,-1.206,0.916
1614.997,238.9,-802.2,183.0,1.23,1.172,-1.206,1.127
1616.9960000000003,238.9,-802.2,183.0,1.23,1.172,-1.206,1.127
1620.9950000000001,238.9,-802.2,183.0,1.23,1.172,-1.206,1.127
1622.9950000000001,238.9,-802.2,183.0,1.23,1.172,-1.206,1.127
1624.9960000000003,238.9,-802.2,183.0,1.23,1.172,-1.206,1.127
1626.9959999999999,238.9,-802.2,183.0,1.23,1.172,-1.206,0.986
1631.0000000000002,238.9,-802.2,183.0,1.23,1.172,-1.206,0.986
1635.001,238.9,-802.2,183.0,1.23,1.172,-1.206,0.986
1638.9979999999998,238.9,-802.2,183.0,1.23,1.172,-1.206,0.986
1643.0000000000002,238.9,-802.2,183.0,1.23,1.172,-1.206,1.056
1645.001,238.9,-802.2,183.0,1.23,1.172,-1.206,1.056
1646.9979999999998,238.9,-802.2,183.0,1.23,1.172,-1.206,1.056
1648.9980000000003,238.9,-802.2,183.0,1.23,1.172,-1.206,1.056
1650.9979999999998,238.9,-802.2,183.0,1.23,1.172,-1.206,1.056
1652.9980000000003,238.9,-802.2,183.0,1.23,1.172,-1.206,1.056
1656.9980000000003,238.9,-802.2,183.1,1.23,1.172,-1.206,1.056
1660.9980000000003,238.9,-802.2,183.1,1.23,1.172,-1.206,1.056
1664.9960000000003,238.9,-802.2,183.1,1.23,1.172,-1.206,1.056
1666.9979999999998,238.9,-802.2,183.1,1.23,1.172,-1.206,1.021
1668.9980000000003,238.9,-802.2,183.1,1.23,1.172,-1.206,1.021
1670.9979999999998,238.9,-802.2,183.1,1.23,1.172,-1.206,1.021
1672.9980000000003,238.9,-802.2,183.1,1.23,1.172,-1.206,1.021
1674.9979999999998,238.9,-802.2,183.1,1.23,1.172,-1.206,1.021
1676.9980000000003,238.9,-802.2,183.1,1.23,1.172,-1.206,1.021
1679.0000000000002,238.9,-802.2,183.1,1.23,1.172,-1.206,1.021
1681.001,238.9,-802.2,183.1,1.23,1.172,-1.206,1.091
1685.001,238.9,-802.2,183.1,1.23,1.172,-1.206,1.091
1689.001,238.9,-802.2,183.1,1.23,1.172,-1.206,1.091
1691.001,238.9,-802.2,183.1,1.23,1.172,-1.206,1.091
1692.999,238.9,-802.2,183.1,1.23,1.172,-1.206,1.091
1708.9959999999999,238.9,-802.2,183.1,1.23,1.172,-1.206,1.056
1712.997,238.9,-802.2,183.1,1.23,1.172,-1.206,1.056
1716.9959999999999,238.9,-802.2,183.1,1.23,1.172,-1.206,1.056
1720.9950000000001,238.9,-802.2,183.1,1.23,1.172,-1.206,1.056
1722.9950000000001,238.9,-802.2,183.1,1.23,1.172,-1.206,1.056
1727.0030000000004,238.9,-802.2,183.1,1.23,1.172,-1.206,1.056
1729.003,238.9,-802.2,183.1,1.23,1.172,-1.206,1.056
1731.0030000000004,238.9,-802.2,183.1,1.23,1.172,-1.206,1.056
1733.003,238.9,-802.2,183.1,1.23,1.172,-1.206,1.056
1735.0030000000004,238.9,-802.2,183.0,1.23,1.172,-1.206,0.986
1739.0030000000004,238.9,-802.2,183.0,1.23,1.172,-1.206,0.986
1743.001,238.9,-802.2,183.0,1.23,1.172,-1.206,0.986
1744.997,238.9,-802.2,183.0,1.23,1.172,-1.206,0.986
1747.001,238.9,-802.2,183.0,1.23,1.172,-1.206,0.986
1749.001,238.9,-802.2,183.0,1.23,1.172,-1.206,1.021
1752.999,238.9,-802.2,183.0,1.23,1.172,-1.206,1.021
1756.999,238.9,-802.2,183.0,1.23,1.172,-1.206,1.021
1761.001,238.9,-802.2,183.0,1.23,1.172,-1.206,0.986
1765.001,238.9,-802.2,183.0,1.23,1.172,-1.206,0.986
1766.999,238.9,-802.2,183.0,1.23,1.172,-1.206,0.986
1768.999,238.9,-802.2,183.0,1.23,1.172,-1.206,0.986
1771.001,238.9,-802.2,183.0,1.23,1.172,-1.206,0.986
1773.003,238.9,-802.2,183.0,1.23,1.172,-1.206,0.986
1777.0020000000002,238.9,-802.2,183.0,1.23,1.172,-1.206,0.986
1778.999,238.9,-802.2,183.0,1.23,1.172,-1.206,0.986
1783.001,238.9,-802.2,183.0,1.23,1.172,-1.206,0.986
1786.999,238.9,-802.2,183.0,1.23,1.172,-1.206,0.951
1804.9959999999999,238.9,-802.2,183.0,1.23,1.172,-1.206,0.951
1806.9950000000001,238.9,-802.2,183.0,1.23,1.172,-1.206,0.951
1811.0030000000004,238.9,-802.2,183.0,1.23,1.172,-1.206,0.951
1815.0030000000004,238.9,-802.2,183.0,1.23,1.172,-1.206,1.056
1818.9950000000001,238.9,-802.2,183.0,1.23,1.172,-1.206,1.056
1821.0000000000002,238.9,-802.2,183.0,1.23,1.172,-1.206,1.056
1823.0000000000002,238.9,-802.2,183.0,1.23,1.172,-1.206,1.056
1825.0000000000002,238.9,-802.2,183.0,1.23,1.172,-1.206,1.056
1829.01,238.9,-802.1,183.0,1.23,1.172,-1.206,0.951
1831.0090000000002,238.9,-802.1,183.0,1.23,1.172,-1.206,0.951
1833.0070000000003,238.9,-802.1,183.0,1.23,1.172,-1.206,0.951
1835.0069999999998,238.9,-802.1,183.0,1.23,1.172,-1.206,0.951
1853.0020000000002,238.9,-802.1,183.0,1.23,1.172,-1.206,0.951
1869.0070000000003,238.9,-802.1,183.0,1.23,1.172,-1.206,0.951
1873.0010000000004,238.9,-802.1,182.9,1.23,1.172,-1.206,1.092
1875.001,238.9,-802.1,182.9,1.23,1.172,-1.206,1.092
1878.9979999999998,238.9,-802.1,182.9,1.23,1.172,-1.206,1.092
1881.0000000000002,238.9,-802.1,182.9,1.23,1.172,-1.206,1.092
1885.003,238.9,-802.1,182.9,1.23,1.173,-1.206,1.127
1887.003,238.9,-802.1,182.9,1.23,1.173,-1.206,1.127
1891.003,238.9,-802.1,182.9,1.23,1.173,-1.206,1.127
1893.003,238.9,-802.1,182.9,1.23,1.173,-1.206,1.127
1897.003,238.9,-802.1,182.9,1.23,1.173,-1.206,0.986
1900.9950000000001,238.9,-802.1,182.9,1.23,1.173,-1.206,0.986
1902.9950000000001,238.9,-802.1,182.9,1.23,1.173,-1.206,0.986
1904.9950000000001,238.9,-802.1,182.9,1.23,1.173,-1.206,0.986
1906.9960000000003,238.9,-802.1,182.9,1.23,1.173,-1.206,0.986
1908.9959999999999,238.9,-802.1,182.9,1.23,1.173,-1.206,0.986
1912.997,238.9,-802.1,182.9,1.23,1.173,-1.206,0.986
1917.0049999999999,238.9,-802.1,182.9,1.23,1.173,-1.206,0.986
1919.0040000000001,238.9,-802.1,182.9,1.23,1.173,-1.206,0.986
1920.997,238.9,-802.1,182.9,1.23,1.173,-1.206,0.986
1922.9950000000001,238.8,-802.1,182.9,1.23,1.173,-1.206,1.021
1926.9950000000001,238.8,-802.1,182.9,1.23,1.173,-1.206,1.021
1931.0020000000002,238.8,-802.1,182.9,1.23,1.173,-1.206,1.021
1933.0000000000002,238.8,-802.1,182.9,1.23,1.173,-1.206,1.021
1934.999,238.8,-802.1,182.9,1.23,1.173,-1.206,1.021
1937.0069999999998,238.8,-802.1,182.9,1.23,1.173,-1.206,1.092
1939.008,238.8,-802.1,182.9,1.23,1.173,-1.206,1.092
1940.999,238.8,-802.1,182.9,1.23,1.173,-1.206,1.092
1945.001,238.8,-802.1,182.9,1.23,1.173,-1.206,1.092
1949.0000000000002,238.8,-802.1,182.9,1.23,1.173,-1.206,0.986
1950.9980000000003,238.8,-802.1,182.9,1.23,1.173,-1.206,0.986
1954.9980000000003,238.8,-802.1,182.9,1.23,1.173,-1.206,0.986
1956.9979999999998,238.8,-802.1,182.9,1.23,1.173,-1.206,0.986
1958.9980000000003,238.8,-802.1,182.9,1.23,1.173,-1.206,0.986
1963.001,238.8,-802.1,182.9,1.23,1.173,-1.206,1.091
1967.0000000000002,238.8,-802.1,182.9,1.23,1.173,-1.206,1.091
1971.0000000000002,238.8,-802.1,182.9,1.23,1.173,-1.206,1.091
1973.008,238.8,-802.1,182.9,1.23,1.173,-1.206,1.091
1975.001,238.8,-802.1,182.9,1.23,1.173,-1.206,1.021
1977.006,238.8,-802.1,182.9,1.23,1.173,-1.206,1.021
1978.999,238.8,-802.1,182.9,1.23,1.173,-1.206,1.021
1980.9979999999998,238.8,-802.1,182.9,1.23,1.173,-1.206,1.021
1985.0090000000002,238.8,-802.1,182.9,1.23,1.173,-1.206,1.021
1989.008,238.8,-802.1,182.9,1.23,1.173,-1.206,1.021
1993.0069999999998,238.8,-802.1,182.9,1.23,1.173,-1.206,0.951
1994.9959999999999,238.8,-802.1,182.9,1.23,1.173,-1.206,0.951
1996.9950000000001,238.8,-802.1,182.9,1.23,1.173,-1.206,0.951
1998.9950000000001,238.8,-802.1,182.9,1.23,1.173,-1.206,0.951
2000.9950000000001,238.8,-802.1,182.9,1.23,1.173,-1.206,0.951
2005.0020000000002,238.8,-802.1,182.9,1.23,1.173,-1.206,1.021
2006.9959999999999,238.8,-802.1,182.9,1.23,1.173,-1.206,1.021
2011.001,238.8,-802.1,182.9,1.23,1.173,-1.206,1.021
2015.001,238.8,-802.1,182.9,1.23,1.173,-1.206,1.021
2016.999,238.8,-802.1,182.8,1.23,1.173,-1.206,1.056
2019.0000000000002,238.8,-802.1,182.8,1.23,1.173,-1.206,1.056
2021.0000000000002,238.8,-802.1,182.8,1.23,1.173,-1.206,1.056
2023.001,238.8,-802.1,182.8,1.23,1.173,-1.206,1.056
2041.001,238.8,-802.1,182.8,1.23,1.173,-1.206,1.056
2045.001,238.8,-802.0,182.7,1.23,1.173,-1.206,1.057
2046.999,238.8,-802.0,182.7,1.23,1.173,-1.206,1.057
2049.0,238.8,-802.0,182.7,1.23,1.173,-1.206,1.057
2051.001,238.8,-802.0,182.7,1.23,1.173,-1.206,1.057
2052.999,238.8,-802.0,182.7,1.23,1.173,-1.206,1.057
2054.999,238.8,-802.0,182.7,1.23,1.173,-1.206,1.057
2073.001,238.7,-801.9,182.5,1.23,1.173,-1.206,0.986
2074.999,238.7,-801.9,182.5,1.23,1.173,-1.206,0.986
2076.999,238.7,-801.9,182.5,1.23,1.173,-1.206,0.986
2078.999,238.7,-801.9,182.5,1.23,1.173,-1.206,0.986
2081.0,238.7,-801.9,182.5,1.23,1.173,-1.206,0.986
2082.999,238.7,-801.9,182.5,1.23,1.173,-1.206,0.986
2084.999,238.7,-801.9,182.4,1.23,1.173,-1.206,0.88
2103.001,238.7,-801.9,182.4,1.23,1.173,-1.206,0.88
2107.0,238.7,-801.9,182.4,1.23,1.173,-1.206,0.88
2111.0020000000004,238.7,-801.9,182.4,1.23,1.173,-1.206,0.88
2112.999,238.7,-801.9,182.4,1.23,1.173,-1.206,0.88
2117.0029999999997,238.8,-802.0,182.1,1.23,1.173,-1.206,1.021
2120.999,238.8,-802.0,182.1,1.23,1.173,-1.206,1.021
2125.0029999999997,238.8,-802.0,182.1,1.23,1.173,-1.206,1.021
2127.0029999999997,238.8,-802.0,182.1,1.23,1.173,-1.206,1.021
2128.999,238.8,-802.0,181.9,1.23,1.173,-1.206,0.951
2131.0029999999997,238.8,-802.0,181.9,1.23,1.173,-1.206,0.951
2133.0020000000004,238.8,-802.0,181.9,1.23,1.173,-1.206,0.951
2135.005,238.8,-802.0,181.9,1.23,1.173,-1.206,0.951
2137.0029999999997,238.8,-802.0,181.9,1.23,1.173,-1.206,0.951
2141.0020000000004,238.8,-802.0,181.8,1.23,1.173,-1.206,1.091
2145.0020000000004,238.8,-802.0,181.8,1.23,1.173,-1.206,1.091
2149.0029999999997,238.8,-802.0,181.8,1.23,1.173,-1.206,1.091
2151.0029999999997,238.8,-802.0,181.8,1.23,1.173,-1.206,1.091
2153.0,238.8,-802.0,181.8,1.23,1.173,-1.206,1.091
2155.0,238.8,-802.0,181.7,1.23,1.173,-1.206,1.056
2157.0,238.8,-802.0,181.7,1.23,1.173,-1.206,1.056
2158.999,238.8,-802.0,181.7,1.23,1.173,-1.206,1.056
2160.9980000000005,238.8,-802.0,181.7,1.23,1.173,-1.206,1.056
2164.996,238.8,-802.0,181.7,1.23,1.173,-1.206,1.056
2183.0020000000004,238.8,-802.0,181.6,1.23,1.173,-1.206,0.951
2185.0,238.8,-802.0,181.6,1.23,1.173,-1.206,0.951
2186.999,238.8,-802.0,181.6,1.23,1.173,-1.206,0.951
2189.001,238.8,-802.0,181.6,1.23,1.173,-1.206,0.951
2191.0,238.8,-802.0,181.6,1.23,1.173,-1.206,0.951
2195.001,238.7,-801.9,181.4,1.23,1.173,-1.206,0.986
2197.004,238.7,-801.9,181.4,1.23,1.173,-1.206,0.986
2201.0020000000004,238.7,-801.9,181.4,1.23,1.173,-1.206,0.986
2202.999,238.7,-801.9,181.4,1.23,1.173,-1.206,0.986
2205.0,238.7,-801.9,181.4,1.23,1.173,-1.206,0.986
2207.001,238.7,-801.8,181.3,1.23,1.173,-1.206,1.056
2209.0,238.7,-801.8,181.3,1.23,1.173,-1.206,1.056
2211.0,238.7,-801.8,181.3,1.23,1.173,-1.206,1.056
2212.999,238.7,-801.8,181.3,1.23,1.173,-1.206,1.056
2214.9970000000003,238.7,-801.8,181.3,1.23,1.173,-1.206,1.056
2216.996,238.7,-801.8,181.3,1.23,1.173,-1.206,1.056
2218.9970000000003,238.7,-801.8,181.3,1.23,1.173,-1.206,1.056
2222.996,238.7,-801.8,181.2,1.23,1.173,-1.206,0.95
2226.995,238.7,-801.8,181.2,1.23,1.173,-1.206,0.95
2228.9970000000003,238.7,-801.8,181.2,1.23,1.173,-1.206,0.95
2246.996,238.7,-801.8,181.2,1.23,1.173,-1.206,0.95
2250.996,238.6,-801.7,181.1,1.23,1.173,-1.206,0.986
2254.9979999999996,238.6,-801.7,181.1,1.23,1.173,-1.206,0.986
2256.9980000000005,238.6,-801.7,181.1,1.23,1.173,-1.206,0.986
2260.9980000000005,238.6,-801.7,180.9,1.23,1.173,-1.206,0.986
2263.0,238.6,-801.7,180.9,1.23,1.173,-1.206,0.986
2264.9970000000003,238.6,-801.7,180.9,1.23,1.173,-1.206,0.986
2266.996,238.6,-801.7,180.9,1.23,1.173,-1.206,0.986
2268.996,238.6,-801.7,180.9,1.23,1.173,-1.206,0.986
2273.0029999999997,238.6,-801.6,180.8,1.23,1.173,-1.206,0.986
2275.0030000000006,238.6,-801.6,180.8,1.23,1.173,-1.206,0.986
2276.995,238.6,-801.6,180.8,1.23,1.173,-1.206,0.986
2280.999,238.6,-801.6,180.8,1.23,1.173,-1.206,0.986
2282.9979999999996,238.6,-801.6,180.8,1.23,1.173,-1.206,0.986
2285.0,238.6,-801.6,180.7,1.23,1.173,-1.206,0.951
2286.999,238.6,-801.6,180.7,1.23,1.173,-1.206,0.951
2289.001,238.6,-801.6,180.7,1.23,1.173,-1.206,0.951
2292.9980000000005,238.6,-801.6,180.7,1.23,1.173,-1.206,0.951
2295.0030000000006,238.6,-801.6,180.7,1.23,1.173,-1.206,0.951
2299.0030000000006,238.6,-801.7,180.6,1.23,1.173,-1.206,0.986
2303.0030000000006,238.6,-801.7,180.6,1.23,1.173,-1.206,0.986
2305.0029999999997,238.6,-801.7,180.6,1.23,1.173,-1.206,0.986
2307.001,238.6,-801.7,180.6,1.23,1.173,-1.206,0.986
2325.0029999999997,238.6,-801.7,180.6,1.23,1.173,-1.206,0.986
2328.9980000000005,238.6,-801.7,180.5,1.23,1.173,-1.206,0.986
2333.0020000000004,238.6,-801.7,180.5,1.23,1.173,-1.206,0.986
2335.005,238.6,-801.7,180.5,1.23,1.173,-1.206,0.986
2339.001,238.7,-801.7,180.3,1.23,1.173,-1.206,1.021
2341.001,238.7,-801.7,180.3,1.23,1.173,-1.206,1.021
2342.9979999999996,238.7,-801.7,180.3,1.23,1.173,-1.206,1.021
2347.001,238.7,-801.7,180.3,1.23,1.173,-1.206,1.021
2351.0,238.7,-801.7,180.3,1.23,1.173,-1.206,1.021
2355.001,238.8,-801.7,180.2,1.23,1.173,-1.206,1.021
2373.001,238.8,-801.7,180.2,1.23,1.173,-1.206,1.021
2377.0,238.8,-801.7,180.2,1.23,1.173,-1.206,1.021
2381.001,238.8,-801.7,180.2,1.23,1.173,-1.206,1.092
2385.0020000000004,238.8,-801.7,180.2,1.23,1.173,-1.206,1.092
2386.999,238.8,-801.7,180.2,1.23,1.173,-1.206,1.092
2409.0029999999997,238.8,-801.7,180.2,1.23,1.173,-1.206,1.092
2421.0020000000004,238.8,-801.7,180.2,1.23,1.173,-1.206,1.092
2422.999,238.8,-801.7,180.2,1.23,1.173,-1.206,1.092
2424.999,238.8,-801.7,180.2,1.23,1.173,-1.206,1.092
2427.0,238.8,-801.7,180.2,1.23,1.173,-1.206,1.092
2429.001,238.8,-801.7,180.2,1.23,1.173,-1.206,1.092
2431.001,238.8,-801.7,180.2,1.23,1.173,-1.206,1.092
2435.001,238.7,-801.7,180.1,1.23,1.173,-1.206,1.057
2439.001,238.7,-801.7,180.1,1.23,1.173,-1.206,1.057
2441.001,238.7,-801.7,180.1,1.23,1.173,-1.206,1.057
2442.999,238.7,-801.7,180.1,1.23,1.173,-1.206,1.057
2445.0,238.7,-801.7,180.1,1.23,1.173,-1.206,1.057
2447.0,238.7,-801.7,180.1,1.23,1.173,-1.206,1.091
2449.001,238.7,-801.7,180.1,1.23,1.173,-1.206,1.091
2451.0,238.7,-801.7,180.1,1.23,1.173,-1.206,1.091
2469.0030000000006,238.7,-801.7,180.1,1.23,1.173,-1.206,1.091
2471.0020000000004,238.7,-801.7,180.1,1.23,1.173,-1.206,1.091
2472.9979999999996,238.7,-801.7,180.1,1.23,1.173,-1.206,1.091
2477.0020000000004,238.7,-801.7,180.1,1.23,1.173,-1.206,1.021
2478.9980000000005,238.7,-801.7,180.1,1.23,1.173,-1.206,1.021
2480.9970000000003,238.7,-801.7,180.1,1.23,1.173,-1.206,1.021
2482.996,238.7,-801.7,180.1,1.23,1.173,-1.206,1.021
2486.9970000000003,238.7,-801.7,180.1,1.23,1.173,-1.206,1.021
2490.995,238.7,-801.7,180.1,1.23,1.173,-1.206,0.986
2492.995,238.7,-801.7,180.1,1.23,1.173,-1.206,0.986
2494.995,238.7,-801.7,180.1,1.23,1.173,-1.206,0.986
2496.9970000000003,238.7,-801.7,180.1,1.23,1.173,-1.206,0.986
2498.995,238.7,-801.7,180.1,1.23,1.173,-1.206,0.986
2500.996,238.7,-801.7,180.1,1.23,1.173,-1.206,1.057
2502.995,238.7,-801.7,180.1,1.23,1.173,-1.206,1.057
2504.9970000000003,238.7,-801.7,180.1,1.23,1.173,-1.206,1.057
2506.996,238.7,-801.7,180.1,1.23,1.173,-1.206,1.057
2510.995,238.7,-801.7,180.1,1.23,1.173,-1.206,1.057
2514.996,238.7,-801.7,180.1,1.23,1.173,-1.206,1.091
2530.9980000000005,238.7,-801.7,180.1,1.23,1.173,-1.206,1.091
2534.9970000000003,238.7,-801.7,180.1,1.23,1.173,-1.206,1.091
2538.996,238.7,-801.7,180.1,1.23,1.173,-1.206,1.091
2541.0030000000006,238.7,-801.6,180.0,1.23,1.173,-1.206,1.021
2542.995,238.7,-801.6,180.0,1.23,1.173,-1.206,1.021
2544.995,238.7,-801.6,180.0,1.23,1.173,-1.206,1.021
2546.995,238.7,-801.6,180.0,1.23,1.173,-1.206,1.021
2548.995,238.7,-801.6,180.0,1.23,1.173,-1.206,1.021
2550.996,238.7,-801.6,180.0,1.23,1.173,-1.206,1.021
2554.995,238.7,-801.6,180.0,1.23,1.173,-1.206,1.021
2558.9970000000003,238.7,-801.6,180.0,1.23,1.173,-1.206,1.127
2560.996,238.7,-801.6,180.0,1.23,1.173,-1.206,1.127
2562.9970000000003,238.7,-801.6,180.0,1.23,1.173,-1.206,1.127
2566.995,238.7,-801.6,180.0,1.23,1.173,-1.206,1.127
2568.9970000000003,238.7,-801.7,180.0,1.23,1.173,-1.206,1.162
2570.9980000000005,238.7,-801.7,180.0,1.23,1.173,-1.206,1.162
2572.9979999999996,238.7,-801.7,180.0,1.23,1.173,-1.206,1.162
2574.995,238.7,-801.7,180.0,1.23,1.173,-1.206,1.162
2577.0,238.7,-801.7,180.0,1.23,1.173,-1.206,1.162
2578.995,238.7,-801.7,180.0,1.23,1.173,-1.206,1.162
2594.999,238.8,-801.7,180.0,1.23,1.173,-1.206,0.951
2596.9979999999996,238.8,-801.7,180.0,1.23,1.173,-1.206,0.951
2599.0020000000004,238.8,-801.7,180.0,1.23,1.173,-1.206,0.951
2603.0,238.8,-801.7,180.0,1.23,1.173,-1.206,0.951
2604.9979999999996,238.8,-801.7,180.0,1.23,1.173,-1.206,0.951
2606.9979999999996,238.8,-801.7,180.0,1.23,1.173,-1.206,0.951
2625.001,238.8,-801.8,180.1,1.23,1.173,-1.206,1.092
2629.005,238.8,-801.8,180.1,1.23,1.173,-1.206,1.092
2632.999,238.8,-801.8,180.1,1.23,1.173,-1.206,1.092
2637.0029999999997,238.8,-801.9,180.5,1.23,1.172,-1.206,1.021
2641.0029999999997,238.8,-801.9,180.5,1.23,1.172,-1.206,1.021
2645.0029999999997,238.8,-801.9,180.5,1.23,1.172,-1.206,1.021
2647.0029999999997,238.8,-801.9,180.5,1.23,1.172,-1.206,1.021
2649.0029999999997,238.9,-801.9,180.7,1.23,1.172,-1.206,0.951
2651.001,238.9,-801.9,180.7,1.23,1.172,-1.206,0.951
2653.001,238.9,-801.9,180.7,1.23,1.172,-1.206,0.951
2654.999,238.9,-801.9,180.7,1.23,1.172,-1.206,0.951
2656.9980000000005,238.9,-801.9,180.7,1.23,1.172,-1.206,0.951
2661.0,238.9,-801.9,180.7,1.23,1.172,-1.206,0.986
2664.9980000000005,238.9,-801.9,180.7,1.23,1.172,-1.206,0.986
2669.0,238.9,-801.9,180.7,1.23,1.172,-1.206,0.986
2670.9970000000003,238.9,-801.9,180.7,1.23,1.172,-1.206,0.986
2673.0,238.9,-801.9,180.7,1.23,1.172,-1.206,0.986
2674.999,238.9,-801.9,180.8,1.23,1.172,-1.206,0.986
2676.9980000000005,238.9,-801.9,180.8,1.23,1.172,-1.206,0.986
2679.001,238.9,-801.9,180.8,1.23,1.172,-1.206,0.986
2681.001,238.9,-801.9,180.8,1.23,1.172,-1.206,0.986
2683.001,238.9,-801.9,180.8,1.23,1.172,-1.206,0.986
2685.0,238.9,-801.9,180.8,1.23,1.172,-1.206,0.986
2703.001,238.9,-801.9,180.9,1.23,1.172,-1.206,0.951
2713.001,238.9,-801.9,180.9,1.23,1.172,-1.206,0.951
2716.996,238.9,-801.9,180.9,1.23,1.172,-1.206,0.951
2721.001,238.9,-801.9,180.9,1.23,1.172,-1.206,0.951
2725.0029999999997,238.9,-801.9,180.9,1.23,1.172,-1.206,0.951
2726.9979999999996,238.9,-801.9,181.0,1.23,1.171,-1.206,1.021
2728.9970000000003,238.9,-801.9,181.0,1.23,1.171,-1.206,1.021
2730.999,238.9,-801.9,181.0,1.23,1.171,-1.206,1.021
2733.0020000000004,238.9,-801.9,181.0,1.23,1.171,-1.206,1.021
