Time (ms),Robot_I (A)
1.0070000000000618,1.1605241166843163
3.007000000000062,1.1437594545629586
5.007000000000062,1.1328692246426912
7.007000000000062,1.1267518751586336
9.007000000000062,1.1243058543459046
11.007000000000062,1.124429610439626
13.007000000000062,1.1255333064932596
15.007000000000062,1.1270000000000029
17.007000000000062,1.1270000000000029
19.007000000000065,1.1270000000000029
21.007000000000065,1.1270000000000029
23.007000000000065,1.1270000000000029
25.007000000000065,1.1270000000000029
27.007000000000065,1.1270000000000029
29.007000000000065,1.1270000000000029
31.007000000000065,1.1270000000000029
33.00700000000006,1.1270000000000029
35.00700000000006,1.1270000000000029
37.00700000000006,1.1270000000000029
39.00700000000006,1.1270000000000029
41.00700000000006,1.1270000000000029
43.00700000000006,1.1270000000000029
45.00700000000006,1.1270000000000029
47.00700000000006,1.1270000000000029
49.00700000000006,1.1270000000000029
51.00700000000006,1.1270000000000029
53.00700000000006,1.1270000000000029
55.00700000000006,1.1269955944055976
57.00700000000006,1.1225911013986043
59.00700000000006,1.1192966958041983
61.00700000000006,1.125790052447555
63.00700000000006,1.1396236188811213
65.00700000000006,1.158349842657345
67.00700000000006,1.179521171328674
69.00700000000006,1.2006929490007268
71.00700000000006,1.2251984192183534
73.00700000000006,1.2375693793487683
75.00700000000006,1.2369666685528111
77.00700000000006,1.222562262354957
79.00700000000006,1.204650181734227
81.00700000000006,1.1903359197028605
83.00700000000006,1.1768686003775504
85.00700000000006,1.1658041185595036
87.00700000000006,1.1586681948397064
89.00700000000006,1.1570925308498607
91.00700000000006,1.1627015063789288
93.00700000000006,1.1624998732200564
95.00700000000006,1.1622982546335916
97.00700000000006,1.1621199606428445
99.00700000000006,1.161988301271125
101.00700000000006,1.1619265865417434
103.00700000000006,1.1619580734344457
105.00700000000006,1.162000000000003
107.00700000000006,1.1620044044932851
109.00700000000006,1.1634714677973892
111.00700000000006,1.164563537437322
113.00700000000006,1.1623945487987006
115.00700000000006,1.1577803526973762
117.00700000000006,1.1515367999491994
119.00700000000006,1.1444797413700214
121.00700000000006,1.1374250277756928
123.00700000000006,1.1311797163804562
125.00700000000006,1.1236511742683262
127.00700000000006,1.1222414155928129
129.00700000000006,1.1269393067736757
131.00700000000006,1.134036835420072
133.00700000000006,1.1408912036067758
135.00700000000006,1.1481510545342914
137.00700000000006,1.1550005373867682
139.00700000000006,1.1606238013483554
141.00700000000006,1.1642049956032023
143.00700000000006,1.1649282693354577
145.00700000000006,1.162000000000003
147.00700000000006,1.1619999790052358
149.00700000000006,1.161957994719819
151.00700000000006,1.1619266122085763
153.00700000000006,1.1619884493789954
155.00700000000006,1.162120196207765
157.00700000000006,1.1622985426715755
159.00700000000006,1.1624944838432187
161.00700000000006,1.159850071283907
163.00700000000006,1.1607471799383906
165.00700000000006,1.164369958990818
167.00700000000006,1.169902557625339
169.00700000000006,1.1765291780962082
171.00700000000006,1.1835386253698044
173.00700000000006,1.1887246963654658
175.00700000000006,1.1930920577653197
177.00700000000006,1.1987388682057931
179.00700000000006,1.2040567360784955
181.0070000000001,1.207451665226556
183.0070000000001,1.2145088768160337
185.0070000000001,1.2215650680818295
187.0070000000001,1.2278043882080931
189.0070000000001,1.2324109863789734
191.0070000000001,1.23456901177862
193.0070000000001,1.2334663275693825
195.0070000000001,1.232000000000003
197.0070000000001,1.2320176135708398
199.0070000000001,1.2408199955966104
201.0070000000001,1.2473947501773628
203.0070000000001,1.2343976473301854
205.0070000000001,1.2067237919501834
207.0070000000001,1.1692682889324617
209.0070000000001,1.126926243172125
211.0070000000001,1.0845751371866563
213.0070000000001,1.029544970976054
215.0070000000001,1.0063366536312288
217.0070000000001,1.0149501851521807
219.0070000000001,1.0553410423459617
221.0070000000001,1.1052603496503517
223.0070000000001,1.1488243356643375
225.0070000000001,1.1899358741258763
227.0070000000001,1.2236998601398628
229.0070000000001,1.245221188811192
231.0070000000001,1.249604755244759
233.0070000000001,1.232000000000003
235.0070000000001,1.232000000000003
237.0070000000001,1.232000000000003
239.0070000000001,1.232000000000003
241.0070000000001,1.232000000000003
243.0070000000001,1.232000000000003
245.0070000000001,1.232000000000003
247.0070000000001,1.232000000000003
249.0070000000001,1.232000000000003
251.0070000000001,1.232000000000003
253.0070000000001,1.232000000000003
255.0070000000001,1.232000000000003
257.00700000000006,1.232000000000003
259.00700000000006,1.232000000000003
261.00700000000006,1.232000000000003
263.00700000000006,1.232000000000003
265.00700000000006,1.232000000000003
267.00700000000006,1.2320233447625433
269.00700000000006,1.2378536992069062
271.00700000000006,1.2363807095371957
273.00700000000006,1.229199195902627
275.00700000000006,1.2179408599349022
277.00700000000006,1.2042374032657228
279.00700000000006,1.1897205275267906
281.00700000000006,1.1760278084756812
283.00700000000006,1.1677147938979422
285.00700000000006,1.162737614329704
287.00700000000006,1.1569502790949762
289.00700000000006,1.153557181085186
291.00700000000006,1.1410859906759927
293.00700000000006,1.1269717715617735
295.00700000000006,1.1128875011655035
297.00700000000006,1.109273258741261
299.00700000000006,1.0978142144522165
301.00700000000006,1.0826129324009348
303.00700000000006,1.0677571282051304
305.00700000000006,1.049929365967368
307.00700000000006,1.0279321319466042
309.00700000000006,1.004263773540158
311.00700000000006,0.987977598897693
313.00700000000006,0.980728619674221
315.00700000000006,0.9841718475247532
317.00700000000006,0.9998948395588464
319.00700000000006,1.0071544862193915
321.00700000000006,1.0140092362768374
323.00700000000006,1.0254982547703495
325.00700000000006,1.0276037710154895
327.00700000000006,1.021141635828109
329.00700000000006,1.0069536459536488
331.00700000000006,0.993246535579872
333.00700000000006,0.9787252077252108
335.00700000000006,0.9650213640213668
337.00700000000006,0.953766706100042
339.00700000000006,0.946592935592938
341.00700000000006,0.9451317541317564
343.00700000000006,0.9510000000000024
345.00700000000006,0.9510000000000024
347.00700000000006,0.9510000000000024
349.00700000000006,0.9510000000000024
351.00700000000006,0.9510000000000024
353.00700000000006,0.9510000000000024
355.00700000000006,0.9510000000000024
357.00700000000006,0.9510000000000024
359.00700000000006,0.9510000000000024
361.00700000000006,0.9510000000000024
363.00700000000006,0.9509761559101252
365.00700000000006,0.94504791906443
367.00700000000006,0.9465606113079876
369.00700000000006,0.953859220985787
371.00700000000006,0.9652887364428164
373.00700000000006,0.9791941460240638
375.00700000000006,0.9939205847443277
377.00700000000006,1.0078546166014075
379.00700000000006,1.0192888467013916
381.00700000000006,1.0264857511449588
383.00700000000006,1.027813628300407
385.00700000000006,1.0217010490965577
387.00700000000006,1.0215202882488563
389.00700000000006,1.0272506932399028
391.00700000000006,1.0255627181778697
393.00700000000006,1.0181346847410788
395.00700000000006,1.0066449146078522
397.00700000000006,0.9927713587078256
399.00700000000006,0.978097929039114
401.00700000000006,0.9670434054136646
403.00700000000006,0.9549139313059816
405.00700000000006,0.9441570591636168
407.00700000000006,0.9372203414341228
409.00700000000006,0.9364985920745944
411.00700000000006,0.9294465641025664
413.00700000000006,0.922803039627042
415.00700000000006,0.9203520839160862
417.00700000000006,0.9161119440559464
419.00700000000006,0.911714321678324
421.00700000000006,0.908762069930072
423.00700000000006,0.9017118601398624
425.00700000000006,0.8942445874125895
427.00700000000006,0.8871727272727289
429.00700000000006,0.8725270629370652
431.00700000000006,0.8710932867132894
433.00700000000006,0.8812396969697002
435.00700000000006,0.901311682983686
437.00700000000006,0.9220706340326372
439.00700000000006,0.944062073378488
441.00700000000006,0.9677848477608948
443.00700000000006,0.9870386693456608
445.00700000000006,0.9934905656122676
447.00700000000006,0.9863246857448642
449.00700000000006,0.964792633473055
451.00700000000006,0.9504766791931096
453.00700000000006,0.9361523016551636
455.00700000000006,0.9190541877115954
457.00700000000006,0.9063975922058458
459.00700000000006,0.908586614952809
461.00700000000006,0.9247941068575178
463.00700000000006,0.9466752591070472
465.00700000000006,0.9680479107765504
467.00700000000006,0.989432628161448
469.00700000000006,1.017112464874792
471.00700000000006,1.028835929075092
473.00700000000006,1.0245797107390375
475.00700000000006,1.004348591857918
477.00700000000006,0.9793480419580428
479.00700000000006,0.9575658034611724
481.00700000000006,0.9340755406724356
483.00700000000006,0.914997563163868
485.00700000000006,0.9056417986265884
487.00700000000006,0.9134213475502352
489.00700000000006,0.9382916644802616
491.00700000000006,0.9580372948712146
493.00700000000006,0.979004252709108
495.00700000000006,0.9987449855463892
497.00700000000006,1.0148119409355056
499.00700000000006,1.0247442371008897
501.00700000000006,1.017246250994135
503.00700000000006,1.0172776178683396
505.00700000000006,1.025226014079165
507.00700000000006,1.0422805190147888
509.00700000000006,1.0630376150655914
511.00700000000006,1.08502643976071
513.0070000000001,1.1057761306292817
515.0070000000001,1.1228158252004443
517.0070000000001,1.1337041847030245
519.0070000000001,1.1432848432640137
521.0070000000001,1.1398805340919314
523.0070000000001,1.1289631210036033
525.0070000000001,1.1057533925345042
527.0070000000001,1.0743539127871982
529.0070000000001,1.0388672458642492
531.0070000000001,1.0033959558682215
533.0070000000001,0.9720426069016792
535.0070000000001,0.9489097630671866
537.0070000000001,0.9380999884673074
539.0070000000001,0.9436412178526148
541.0070000000001,0.9510000000000024
543.0070000000001,0.9509911888111908
545.0070000000001,0.9451192657342676
547.0070000000001,0.9407332517482548
549.0070000000001,0.9493959557109596
551.0070000000001,0.9678439743589788
553.0070000000001,0.9928139044289092
555.0070000000001,1.0210423426573476
557.0070000000001,1.0492776399097037
559.0070000000001,1.0800923178780577
561.0070000000001,1.0970359019078335
563.0070000000001,1.09847669036733
565.0070000000001,1.0828052543521194
567.0070000000001,1.0632320134426203
569.0070000000001,1.0487159070327725
571.0070000000001,1.0379504724186124
573.0070000000001,1.0288929007423309
575.0070000000001,1.0173934892067265
577.0070000000001,1.0067156410752016
579.0070000000001,1.0000930477855492
581.0070000000001,0.9859788286713302
583.0070000000001,0.9718626493112535
585.0070000000001,0.9564534737444496
587.0070000000001,0.9479802532764074
589.0070000000001,0.9472588387229776
591.0070000000001,0.955093944536374
593.0070000000001,0.964880360926387
595.0070000000001,0.9721408209932504
597.0070000000001,0.9789921312637702
599.0070000000001,0.9846184409220956
601.0070000000001,0.9882038991523762
603.0070000000001,0.9889326551387606
605.0070000000001,0.9860000000000024
607.0070000000001,0.9860000000000024
609.0070000000001,0.9860000000000024
611.0070000000001,0.9860000000000024
613.0070000000001,0.9860000000000024
615.0070000000001,0.9860000000000024
617.0070000000001,0.9860000000000024
619.0070000000001,0.9860000000000024
621.0070000000001,0.9860000000000024
623.0070000000001,0.9860000000000024
625.0070000000001,0.9860000000000024
627.0070000000001,0.9860000000000024
629.0070000000001,0.9860000000000024
631.0070000000001,0.9860000000000024
633.0070000000001,0.9860000000000024
635.0070000000001,0.9860000000000024
637.0070000000001,0.9859853146853168
639.0070000000001,0.980129545454548
641.0070000000001,0.9816123543123572
643.0070000000001,0.9888020396270428
645.0070000000001,1.000066899766903
647.0070000000001,1.0137752331002363
649.0070000000001,1.0283070803758991
651.0070000000001,1.0478667030995026
653.0070000000001,1.057635298551194
655.0070000000001,1.0576128667309737
657.0070000000001,1.047799407638841
659.0070000000001,1.0282320424869185
661.0070000000001,1.0137115288509624
663.0070000000001,1.0000191726506025
665.0070000000001,0.991778258784573
667.0070000000001,0.9838461494515532
669.0070000000001,0.9786937071224056
671.0070000000001,0.9787621121393608
673.0070000000001,0.9717119048616084
675.0070000000001,0.964244629621878
677.0070000000001,0.957190505725626
679.0070000000001,0.9454597120385104
681.0070000000001,0.943274401595089
683.0070000000001,0.9498187235795112
685.0070000000001,0.9642539638117462
687.0070000000001,0.9781573035935254
689.0070000000001,0.9928945649981202
691.0070000000001,1.0112404897087273
693.0070000000001,1.0259669671665703
695.0070000000001,1.026675544065743
697.0070000000001,1.0141820712220944
699.0070000000001,0.9893250016616736
701.0070000000001,0.9679517322763984
703.0070000000001,0.946584025112793
705.0070000000001,0.9276927426417204
707.0070000000001,0.9137487473340428
709.0070000000001,0.9072229016606228
711.0070000000001,0.9105635719957904
713.0070000000001,0.9150000000000024
715.0070000000001,0.9150000000000024
717.0070000000001,0.9150000000000024
719.0070000000001,0.9150000000000024
721.0070000000001,0.9150000000000024
723.0070000000001,0.9150000000000024
725.0070000000001,0.9150000000000024
727.0070000000001,0.9150088023864272
729.0070000000001,0.9179348623404592
731.0070000000001,0.917192038730503
733.0070000000001,0.913596182372409
735.0070000000001,0.907963144082028
737.0070000000001,0.9011087746752112
739.0070000000001,0.893848924967809
741.0070000000001,0.8869625226987484
743.0070000000001,0.8666161879146522
745.0070000000001,0.8667632073288051
747.0070000000001,0.8841168676544937
749.0070000000001,0.9153682051282096
751.0070000000001,0.9498348717948762
753.0070000000001,0.986333761716144
755.0070000000001,1.0178538556082657
757.0070000000001,1.0468787305002725
759.0070000000001,1.0684899714737504
761.0070000000001,1.0777691636102842
763.0070000000001,1.069891225324794
765.0070000000001,1.0771510750321962
767.0070000000001,1.0840227524669732
769.0070000000001,1.104387493293924
771.0070000000001,1.10425478969088
773.0070000000001,1.0869113549445553
775.0070000000001,1.0556661528184574
777.0070000000001,1.0212015312676634
779.0070000000001,0.9846768987392028
781.0070000000001,0.9442851864685085
783.0070000000001,0.9174969014485864
785.0070000000001,0.9067595961269888
787.0070000000001,0.9145208229512682
789.0070000000001,0.9431720221445254
791.0070000000001,0.9578995571095604
793.0070000000001,0.971795448717952
795.0070000000001,0.9832046853146884
797.0070000000001,0.990472255244758
799.0070000000001,0.9919431468531492
801.0070000000001,0.9860000000000024
803.0070000000001,0.9860000000000024
805.0070000000001,0.9860000000000024
807.0070000000001,0.9860000000000024
809.0070000000001,0.9860000000000024
811.0070000000001,0.9860000000000024
813.0070000000001,0.9860000000000024
815.0070000000001,0.9860000000000024
817.0070000000001,0.9860000000000024
819.0070000000001,0.9859955944055968
821.0070000000001,0.9830596328671352
823.0070000000001,0.9808666258741288
825.0070000000001,0.9851979778554812
827.0070000000001,0.9944219871794908
829.0070000000001,1.006906952214456
831.0070000000001,1.021021171328675
833.0070000000001,1.0351461398781805
835.0070000000001,1.056418454832324
837.0070000000001,1.0634145987865569
839.0070000000001,1.0569504225567297
841.0070000000001,1.03785291332233
843.0070000000001,1.014358982505269
845.0070000000001,0.9925753963903744
847.0070000000001,0.9705538407100582
849.0070000000001,0.9525779298754038
851.0070000000001,0.9439868477384664
853.0070000000001,0.9464122959309484
855.0070000000001,0.9614526170322236
857.0070000000001,0.968509675611402
859.0070000000001,0.975565612676087
861.0070000000001,0.981804577410428
863.0070000000001,0.9864107189985744
865.0070000000001,0.9885681866246752
867.0070000000001,0.987466696263
869.0070000000001,0.9860000000000024
871.0070000000001,0.9860000000000024
873.0070000000001,0.9859880868943626
875.0070000000001,0.9830127887608544
877.0070000000001,0.9808040658832992
879.0070000000001,0.9852089780585191
881.0070000000001,0.9945725136315028
883.0070000000001,1.0072396609472385
885.0070000000001,1.0215554083507137
887.0070000000001,1.0358647441869175
889.0070000000001,1.0485126568008385
891.0070000000001,1.0578441345374645
893.0070000000001,1.0622041657417838
895.0070000000001,1.0599678524424865
897.0070000000001,1.0570000000000028
899.0070000000001,1.0570000000000028
901.007,1.0570000000000028
903.007,1.0570000000000028
905.007,1.0570000000000028
907.007,1.0570000000000028
909.007,1.0570000000000028
911.007,1.0570000000000028
913.007,1.0570000000000028
915.007,1.0570535688088163
917.007,1.0689026917138833
919.007,1.0658715899485156
921.007,1.0512702868227368
923.007,1.0284088056465703
925.007,1.000597169730039
927.007,0.971145402383167
929.007,0.9433612617480028
931.007,0.919049755780018
933.007,0.9034094286660086
935.007,0.9027245531606304
937.007,0.9193305816902446
939.007,0.9257512632331456
941.007,0.9330099520574432
943.007,0.940267487323976
945.007,0.946692161335888
947.007,0.954409300605546
949.007,0.9588433184312676
951.007,0.9533099802936078
953.007,0.9424407285650732
955.007,0.9297748171268324
957.007,0.9154527845731067
959.007,0.8982116609902511
961.007,0.886300008577353
963.007,0.880556988173573
965.007,0.881821760618072
967.007,0.8909146468625193
969.007,0.9011442355745224
971.007,0.9079926692306868
973.007,0.9121072842284552
975.007,0.9145644345956568
977.007,0.9175196503117335
979.007,0.91933276078599
981.007,0.9257539154192508
983.007,0.9330010133738226
985.007,0.9343989497546
987.007,0.942295649969509
989.007,0.9542202515476872
991.007,0.967701892018272
993.007,0.9802754390481976
995.007,0.9932884848484868
997.007,1.0069898834498856
999.007,1.0182492773892795
1001.007,1.0283522027972052
1003.007,1.031989265734269
1005.007,1.0217881934731965
1007.007,1.0125592890442925
1009.007,1.00007187645688
1011.007,0.9859576573426608
1013.007,0.9718483333333368
1015.007,0.9593756060606092
1017.007,0.9501711771561798
1019.007,0.9458667482517504
1021.007,0.9480717482517504
1023.007,0.9510000000000024
1025.007,0.951011910128854
1027.007,0.9569550644258316
1029.007,0.9554539746443822
1031.007,0.9481636524395174
1033.007,0.9367391094662488
1035.007,0.9228353573795884
1037.007,0.9081074078345474
1039.007,0.8942013309524331
1041.007,0.8768431564147546
1043.007,0.8710708880719208
1045.007,0.8768845259239316
1047.007,0.8942539638117462
1049.007,0.9081573035935252
1051.007,0.9228856654434476
1053.007,0.9367752221098928
1055.007,0.9452625496897662
1057.007,0.9532787442672408
1059.007,0.9583529433714542
1061.007,0.9580368867417411
1063.007,0.964891257983306
1065.007,0.9721511058559604
1067.007,0.9760200645723656
1069.007,0.9794109150159642
1071.007,0.9873793212652392
1073.007,0.9974544208493278
1075.007,1.0071876351665745
1077.007,1.021503693481379
1079.007,1.0358282738612123
1081.007,1.054435361154562
1083.007,1.0622869402099109
1085.007,1.0593830110272586
1087.007,1.0457235736066055
1089.007,1.0288427074592124
1091.007,1.0141143449883498
1093.007,1.0002189093946785
1095.007,0.9917389250406126
1097.007,0.9837284399291748
1099.007,0.9786583165312278
1101.007,0.978976826408545
1103.007,0.9721232714259254
1105.007,0.964855264636983
1107.007,0.9550754575568696
1109.007,0.9501895320037668
1111.007,0.9501974879776744
1113.007,0.9550993254785928
1115.007,0.9648876165501196
1117.007,0.972147668997672
1119.007,0.9789977564102592
1121.007,0.9846220279720308
1123.007,0.9882046328671356
1125.007,0.9889297202797228
1127.007,0.9860000000000024
1129.007,0.9860000000000024
1131.007,0.9860000000000024
1133.007,0.9860029385322056
1135.007,0.9889363283040148
1137.007,0.9881992056634404
1139.007,0.9846074214263336
1141.007,0.978976826408545
1143.007,0.9721232714259254
1145.007,0.9648626072943258
1147.007,0.9580106848295968
1149.007,0.9523833548475896
1151.007,0.9487964681641544
1153.007,0.9480658755951424
1155.007,0.9510000000000024
1157.007,0.9510000000000024
1159.007,0.9509926646779816
1161.007,0.9480647708934448
1163.007,0.9488061681907862
1165.007,0.9524010057541554
1167.007,0.9580334327677014
1169.007,0.9648875984155734
1171.007,0.9721476518819204
1173.007,0.978997742350892
1175.007,0.9846220190066372
1177.007,0.9882046310333052
1179.007,0.9889297276150448
1181.007,0.9860000000000024
1183.007,0.9860000000000024
1185.007,0.9860000000000024
1187.007,0.9860000000000024
1189.007,0.9860000000000024
1191.007,0.9860000000000024
1193.007,0.9860000000000024
1195.007,0.9860000000000024
1197.007,0.9860000000000024
1199.007,0.9860000000000024
1201.007,0.9860000000000024
1203.007,0.9860000000000024
1205.007,0.9860000000000024
1207.007,0.9860000000000024
1209.007,0.9860000000000024
1211.007,0.9860000000000024
1213.007,0.9860000000000024
1215.007,0.9860000000000024
1217.007,0.9860000000000024
1219.007,0.9860000000000024
1221.007,0.9860000000000024
1223.007,0.9860000000000024
1225.007,0.9860000000000024
1227.007,0.986005280113148
1229.007,0.9875125638406564
1231.007,0.9886360545821246
1233.007,0.9864053115423927
1235.007,0.9816594955606216
1237.007,0.9752377674759722
1239.007,0.967979288127605
1241.007,0.9607232183546814
1243.007,0.9543087189963618
1245.007,0.9495749508918072
1247.007,0.9473610748801784
1249.007,0.9484929048479634
1251.007,0.9500000000000024
1253.007,0.9500000000000024
1255.007,0.9500000000000024
1257.007,0.9499999580419604
1259.007,0.9499894790209816
1261.007,0.9499816631701656
1263.007,0.9499866969696994
1265.007,0.9500118531468555
1267.007,0.9500614906759932
1269.007,0.9501370547785573
1271.007,0.9502370769230792
1273.007,0.9503572167832192
1275.007,0.950500573426576
1277.007,0.9506438368298392
1279.007,0.9507638030303056
1281.007,0.9508636468531492
1283.007,0.950939009324012
1285.007,0.9509884452214477
1287.007,0.9510134230769256
1289.007,0.9510183251748277
1291.007,0.95101044755245
1293.007,0.9510000000000024
1295.007,0.9510000000000024
1297.007,0.9509821258741288
1299.007,0.9450464265734289
1301.007,0.9465533146853168
1303.007,0.95384777855478
1305.007,0.965274806526808
1307.007,0.9791793869463884
1309.007,0.9939222214452232
1311.007,1.012302453962706
1313.007,1.027041836247088
1315.007,1.027670763986016
1317.007,1.0150283980186503
1319.007,0.989999081002333
1321.007,0.9684244889277408
1323.007,0.9468217402661452
1325.007,0.9130356568623704
1327.007,0.9026979403481166
1329.007,0.9142001991149916
1331.007,0.9458943218576342
1333.007,0.984834780604016
1335.007,1.0213424780347902
1337.007,1.0558093276933425
1339.007,1.0899949325235447
1341.007,1.1124106917379202
1343.007,1.1073198147861951
1345.007,1.0739996909457608
1347.007,1.0488479226142169
1349.007,1.0204188784997796
1351.007,0.9919991459520674
1353.007,0.9667919314694344
1355.007,0.9482724411864164
1357.007,0.9397040783664168
1359.007,0.9442979707082032
1361.007,0.9503965817407564
1363.007,0.9506040234569524
1365.007,0.9507997751789672
1367.007,0.9509605268834908
1369.007,0.9510629685472132
1371.007,0.951083790146824
1373.007,0.9510000000000024
1375.007,0.9510000000000024
1377.007,0.9510000000000024
1379.007,0.9510000000000024
1381.007,0.9510000000000024
1383.007,0.9510000000000024
1385.007,0.9510000000000024
1387.007,0.9510000000000024
1389.007,0.9510000000000024
1391.007,0.9509763474905936
1393.007,0.9391737452951868
1395.007,0.9421547827484876
1397.007,0.9566327465637824
1399.007,0.979320923454358
1401.007,1.006938501247884
1403.007,1.0381525272779633
1405.007,1.067219129796725
1407.007,1.0889408365362088
1409.007,1.098666574708364
1411.007,1.0922916710050516
1413.007,1.0663176398857157
1415.007,1.0475648272555491
1417.007,1.0250459562100989
1419.007,1.0001257140903896
1421.007,0.9727577389005506
1423.007,0.947845528853196
1425.007,0.925339525515498
1427.007,0.9066049079880124
1429.007,0.892455476577506
1431.007,0.8817521537724184
1433.007,0.8759978634764867
1435.007,0.8771737622585876
1437.007,0.8831276833694548
1439.007,0.8911538682376405
1441.007,0.8980076171646878
1443.007,0.904851605020645
1445.007,0.9049986475409728
1447.007,0.905052910700494
1449.007,0.9158709973648094
1451.007,0.9333862400536386
1453.007,0.95711195965203
1455.007,0.985554379221652
1457.007,1.0183759698874724
1459.007,1.0467869329560515
1461.007,1.0588367694881264
1463.007,1.0536863186445362
1465.007,1.03051884579775
1467.007,1.003439590372177
1469.007,0.9822760535344828
1471.007,0.9635670970727171
1473.007,0.949760273434433
1475.007,0.9433031350671826
1477.007,0.9466043058065554
1479.007,0.9510000000000024
1481.007,0.9510000000000024
1483.007,0.9510000000000024
1485.007,0.9509955877872776
1487.007,0.9480552156906712
1489.007,0.9458677386709462
1491.007,0.9502033913340904
1493.007,0.9594304720484024
1495.007,0.97191727918218
1497.007,0.986032111103722
1499.007,1.0001520729667448
1501.007,1.0155539040240007
1503.007,1.02401977263187
1505.007,1.0247338279745022
1507.007,1.016891372329323
1509.007,1.0071087637999212
1511.007,0.9998489147034904
1513.007,0.9930143101399698
1515.007,0.993330506297221
1517.007,0.9882453547079688
1519.007,0.9802297178430762
1521.007,0.9717321965769312
1523.007,0.9578280330087636
1525.007,0.9430945279527828
1527.007,0.9232480438314103
1529.007,0.9133341034743454
1531.007,0.913352706881588
1533.007,0.923303854053138
1535.007,0.9431499498665268
1537.007,0.9578787248471796
1539.007,0.9717768661329946
1541.007,0.9817223009698588
1543.007,0.9879027173477128
1545.007,0.9915510112816808
1547.007,0.9902114035318066
1549.007,0.9964542449623826
1551.007,1.0035160153863685
1553.007,1.0135080143375634
1555.007,1.0219398805106057
1557.007,1.0222143586607406
1559.007,1.0151472996038189
1561.007,1.0015582709228623
1563.007,0.9859788286713302
1565.007,0.9718670571095588
1567.007,0.9593894347319364
1569.007,0.9501776631701652
1571.007,0.9458634440559466
1573.007,0.9480673426573454
1575.007,0.9510000000000024
1577.007,0.9510000000000024
1579.007,0.9509963268347484
1581.007,0.9495279790244796
1583.007,0.948435661303848
1585.007,0.9506045021345196
1587.007,0.9552186507006444
1589.007,0.961462256186371
1591.007,0.9685194677758489
1593.007,0.9755744346532268
1595.007,0.9818113060026544
1597.007,0.9864142310082809
1599.007,0.9885673588542548
1601.007,0.9874641236702292
1603.007,0.9860000000000024
1605.007,0.9860000000000024
1607.007,0.9860000000000024
1609.007,0.9860102694508316
1611.007,0.9889418308963792
1613.007,0.9911254747583444
1615.007,0.9867872023081836
1617.007,0.9775587151775984
1619.007,0.9650717149982904
1621.007,0.9509534989086788
1623.007,0.9339093497955016
1625.007,0.9192430932175208
1627.007,0.9143696936154436
1629.007,0.9192891509892702
1631.007,0.9339755064494052
1633.007,0.9509935308892908
1635.007,0.9577346219555696
1637.007,0.9647222468570243
1639.007,0.9848421864794348
1641.007,1.0123601750885352
1643.007,1.0415530805303015
1645.007,1.0741058428750778
1647.007,1.109601856195089
1649.007,1.1557023946310148
1651.007,1.1751301248495158
1653.007,1.1678850468505924
1655.007,1.1340324286995132
1657.007,1.0922016410256492
1659.007,1.055691897435905
1661.007,1.0212395897435966
1663.007,0.9929472820512872
1665.007,0.9749175384615416
1667.007,0.9712529230769236
1669.007,0.9860000000000024
1671.007,0.9860000000000024
1673.007,0.9860000000000024
1675.007,0.9860073463305108
1677.007,0.9889352263544384
1679.007,0.9881938183544012
1681.007,0.9845989731462492
1683.007,0.9789665415458334
1685.007,0.9721123743690048
1687.007,0.964852322431614
1689.007,0.9580022365495124
1691.007,0.95237796753855
1693.007,0.9487953662145784
1695.007,0.9480702833934476
1697.007,0.9510000000000024
1699.007,0.9510000000000024
1701.007,0.9509882751978588
1703.007,0.9480658682634756
1705.007,0.9488115331109364
1707.007,0.9524094189243908
1709.007,0.958043674887988
1711.007,0.964898450185877
1713.007,0.9721578940022072
1715.007,0.9790061555211276
1717.007,0.9846273839267874
1719.007,0.9882057284033358
1721.007,0.988925338134922
1723.007,0.9860000000000024
1725.007,0.9860000000000024
1727.007,0.9860118321678344
1729.007,0.9919249580419603
1731.007,0.9963357272727305
1733.007,0.9876062167832204
1735.007,0.9690231398601435
1737.007,0.9438732097902136
1739.007,0.9154431398601436
1741.007,0.8870151118881151
1743.007,0.8588695874125906
1745.007,0.8410790279720309
1747.007,0.8360909860139885
1749.007,0.8463231048951074
1751.007,0.8592769370629398
1753.007,0.8667448391608419
1755.007,0.873785293706296
1757.007,0.8751684143356666
1759.007,0.8755668059440589
1761.007,0.8828134143356674
1763.007,0.8936329807692347
1765.007,0.9123604283216824
1767.007,0.933531756993011
1769.007,0.9546994143356684
1771.007,0.9734158479021016
1773.007,0.9872335052447584
1775.007,0.9937048339160862
1777.007,0.9903989860139882
1779.007,0.9860000000000024
1781.007,0.9860000000000024
1783.007,0.9860000000000024
1785.007,0.9860000000000024
1787.007,0.9860000000000024
1789.007,0.9860000000000024
1791.007,0.9860000000000024
1793.007,0.9860000000000024
1795.007,0.9860000000000024
1797.007,0.9860000000000024
1799.007,0.9860000000000024
1801.007,0.9860000000000024
1803.007,0.9860000000000024
1805.007,0.9860000000000024
1807.007,0.9860000000000024
1809.007,0.9860000000000024
1811.007,0.9860065952012086
1813.007,0.9874705466689024
1815.007,0.9885609532682912
1817.007,0.9863908063825756
1819.007,0.9817759568276064
1821.007,0.9755322554192344
1823.007,0.968477538325512
1825.007,0.962084973387152
1827.007,0.956343732822583
1829.007,0.951426817757822
1831.007,0.9476910582264736
1833.007,0.945660441966681
1835.007,0.9423595082395512
1837.007,0.9360503714509074
1839.007,0.9284741939167158
1841.007,0.9200910993926684
1843.007,0.9108832564747288
1845.007,0.9025006582887314
1847.007,0.89492690729612
1849.007,0.8885816077458655
1851.007,0.8749752941692377
1853.007,0.8741128367612441
1855.007,0.8834314585972282
1857.007,0.9001845538449462
1859.007,0.9214416877645664
1861.007,0.9440885967086692
1863.007,0.9648293914702882
1865.007,0.9833189348059908
1867.007,0.9952479151221448
1869.007,0.995255697388198
1871.007,0.9817883002219108
1873.007,0.9755456643881272
1875.007,0.9684885038275908
1877.007,0.9614326693561523
1879.007,0.9551940117896628
1881.007,0.9505883819439732
1883.007,0.948431630634934
1885.007,0.949534039104184
1887.007,0.9510000000000024
1889.007,0.9510000000000024
1891.007,0.9509794405594428
1893.007,0.9451310139860164
1895.007,0.9466195337995365
1897.007,0.9538132983683012
1899.007,0.965080606060609
1901.007,0.9787897552447584
1903.007,0.9933134609250432
1905.007,1.0099427303398385
1907.007,1.020448634523374
1909.007,1.0240153226597986
1911.007,1.0198269439332617
1913.007,1.0071196172248824
1915.007,0.999859158385476
1917.007,0.9930027119371876
1919.007,0.985909161912651
1921.007,0.9812337355845934
1923.007,0.9826755617408937
1925.007,0.9902234761072288
1927.007,0.9964675903263432
1929.007,1.003545269608875
1931.007,1.0164479374054771
1933.007,1.0211949553783328
1935.007,1.018602174343293
1937.007,1.0094854451162083
1939.007,0.9946736109371724
1941.007,0.9786909317129447
1943.007,0.9649902716626402
1945.007,0.9522780177326448
1947.007,0.9440236571024464
1949.007,0.9447477375575924
1951.007,0.9552141142191164
1953.007,0.9614570046620068
1955.007,0.9685141142191164
1957.007,0.975573997669
1959.007,0.9847435489510512
1961.007,0.9886096620046642
1963.007,0.987172336829839
1965.007,0.9804389976689998
1967.007,0.9721196445221464
1969.007,0.964848914698357
1971.007,0.9550660420639984
1973.007,0.947256087013222
1975.007,0.9480088990904229
1977.007,0.9565086274797496
1979.007,0.9719282850017148
1981.007,0.9860420965980438
1983.007,1.0001715466272807
1985.007,1.0184923412271876
1987.007,1.0262078874084617
1989.007,1.0233181851711022
1991.007,1.0098491934047047
1993.007,0.9932103208823152
1995.007,0.9786910275612244
1997.007,0.9649934132693128
1999.007,0.9538326868357316
2001.007,0.9466520567261788
2003.007,0.9451065345956656
2005.007,0.9507992402400224
2007.007,0.9506034185704376
2009.007,0.950400257627236
2011.007,0.9516303658142676
2013.007,0.9525295853088596
2015.007,0.9503194289484286
2017.007,0.9458157475488254
2019.007,0.939834073903094
2021.007,0.93297854650143
2023.007,0.92612549640907
2025.007,0.9200674644185548
2027.007,0.9155969913224252
2029.007,0.913506617913222
2031.007,0.9145780640964462
2033.007,0.9160000000000024
2035.007,0.9160000000000024
2037.007,0.9160000000000024
2039.007,0.9160000000000024
2041.007,0.9160000000000024
2043.007,0.9160000000000024
2045.007,0.9160000000000024
2047.007,0.9160000000000024
2049.007,0.9160000000000024
2051.007,0.9159912020081792
2053.007,0.9130651365608954
2055.007,0.9138079558983224
2057.007,0.91740380920461
2059.007,0.9230368456639072
2061.007,0.9298912144603626
2063.007,0.9371510647781264
2065.007,0.9440049624373426
2067.007,0.9525597654922372
2069.007,0.9554023957928912
2071.007,0.9525328533393038
2073.007,0.9439733774996952
2075.007,0.9371196172248824
2077.007,0.929859158385476
2079.007,0.9230079357134114
2081.007,0.9174235692553082
2083.007,0.9138694016685092
2085.007,0.9130787453073268
2087.007,0.9158795967365992
2089.007,0.9157012284382308
2091.007,0.9154920405109336
2093.007,0.9122698542196528
2095.007,0.9098445721846964
2097.007,0.9141746258362312
2099.007,0.9236050035192452
2101.007,0.9364804814575152
2103.007,0.9510400479960291
2105.007,0.965565200592352
2107.007,0.9814117857567954
2109.007,0.9931214417611328
2111.007,0.9930845188847696
2113.007,0.981320117587026
2115.007,0.9654629643220388
2117.007,0.9509456914899233
2119.007,0.936434457470569
2121.007,0.9235244860402
2123.007,0.9140822737023124
2125.007,0.9097628321119182
2127.007,0.912190642734579
2129.007,0.9153968927738952
2131.007,0.915592580501086
2133.007,0.9128658875087642
2135.007,0.9137722280796156
2137.007,0.9174724413744796
2139.007,0.923127366554195
2141.007,0.929898479143238
2143.007,0.93715792133275
2145.007,0.944006177971216
2147.007,0.9436693562847438
2149.007,0.9487371998630764
2151.007,0.9567388462353515
2153.007,0.9652331002331028
2155.007,0.9791351981352008
2157.007,0.9938768496375704
2159.007,1.01078486684469
2161.007,1.0214374893966145
2163.007,1.0250188664774926
2165.007,1.020713147271474
2167.007,1.0077044809627078
2169.007,1.0002495240033566
2171.007,0.9961779194095792
2173.007,0.9926085436440722
2175.007,0.9845259486509392
2177.007,0.974424306924352
2179.007,0.964767336866214
2181.007,0.9504520025958236
2183.007,0.9361067021416984
2185.007,0.9145802044505128
2187.007,0.8986431933838586
2189.007,0.9074264169815728
2191.007,0.9376130783493304
2193.007,0.9784041576139542
2195.007,1.0211488441628365
2197.007,1.0638983947279486
2199.007,1.1164083511188014
2201.007,1.1405621911768966
2203.007,1.1355207540630734
2205.007,1.100534728482569
2207.007,1.0572016683965708
2209.007,1.0206919232691347
2211.007,0.9862396109637492
2213.007,0.9550094978290689
2215.007,0.934777864793739
2217.007,0.9354379592991682
2219.007,0.9594046718022228
2221.007,0.9718874954584266
2223.007,0.9860018166305412
2225.007,1.0001159336868648
2227.007,1.012598144995696
2229.007,1.0218167489253331
2231.007,1.0261400438440744
2233.007,1.0239363281202185
2235.007,1.0210000000000026
2237.007,1.0210000000000026
2239.007,1.0210000000000026
2241.007,1.0210155469998194
2243.007,1.025453660197483
2245.007,1.028761716269584
2247.007,1.0221934173192624
2249.007,1.0082196258173808
2251.007,0.989311204234802
2253.007,0.967939015042388
2255.007,0.9465739207110015
2257.007,0.927686783711505
2259.007,0.913748466514761
2261.007,0.907229831591632
2263.007,0.9105624420523322
2265.007,0.9150000000000024
2267.007,0.9150000000000024
2269.007,0.9149688515586488
2271.007,0.906112682215236
2273.007,0.908366741645884
2275.007,0.9192601673797304
2277.007,0.936322096945912
2279.007,0.9570816678735672
2281.007,0.979093831578321
2283.007,1.007205040484154
2285.007,1.0297249820737873
2287.007,1.0296606388777994
2289.007,1.008643712527891
2291.007,0.9683846409936316
2293.007,0.9328987419571708
2295.007,0.897400935043634
2297.007,0.8542386026004022
2299.007,0.83407680829254
2301.007,0.8377314029358987
2303.007,0.8659529855777057
2305.007,0.9009326879326888
2307.007,0.930183347877502
2309.007,0.959249116621682
2311.007,0.9830084115998676
2313.007,0.9952819593951548
2315.007,0.9935988975366812
2317.007,0.9755482416134612
2319.007,0.968491233986738
2321.007,0.9614293715380092
2323.007,0.94932347011809
2325.007,0.9461913152747656
2327.007,0.951217056192186
2329.007,0.963579276655381
2331.007,0.978753449883452
2333.007,0.9932747785547807
2335.007,1.0069815654474876
2337.007,1.0211762311280734
2339.007,1.0305416746749314
2341.007,1.0276703791160893
2343.007,1.0125771929363947
2345.007,1.0000915100752423
2347.007,0.9859767804160822
2349.007,0.9718647055906156
2351.007,0.959386987230544
2353.007,0.9501753269675696
2355.007,0.9458614264333938
2357.007,0.948069553725376
2359.007,0.951001469266104
2361.007,0.9524703680511608
2363.007,0.9535675833254648
2365.007,0.9514024156600472
2367.007,0.9467907158707584
2369.007,0.94054833477345
2371.007,0.9334911231839722
2373.007,0.9264217151349586
2375.007,0.9113877271765282
2377.007,0.9089967758587952
2379.007,0.9176171595500584
2381.007,0.9356134626404152
2383.007,0.9576410664335706
2385.007,0.9794224475524518
2387.007,0.999973441115945
2389.007,1.0139189867489902
2391.007,1.025412491938328
2393.007,1.0311905534205552
2395.007,1.0280231770231794
2397.007,1.034876732210068
2399.007,1.0421373961373988
2401.007,1.0489893179893206
2403.007,1.054616646949983
2405.007,1.058203532203535
2407.007,1.0589341229341258
2409.007,1.056000000000003
2411.007,1.056000000000003
2413.007,1.05599093706294
2415.007,1.0529812867132895
2417.007,1.053745342657345
2419.007,1.0574439440559464
2421.007,1.0632379300699324
2423.007,1.0702881398601425
2425.007,1.0777688014457478
2427.007,1.0877859309080458
2429.007,1.0957790086168542
2431.007,1.0950580252889046
2433.007,1.0864388317400486
2435.007,1.0707601878770447
2437.007,1.0564448536066542
2439.007,1.0421359244999724
2441.007,1.0294884122120105
2443.007,1.0201573283977807
2445.007,1.015797684712294
2447.007,1.0180306487519997
2449.007,1.0210000000000026
2451.007,1.0210004895920908
2453.007,1.02132676191953
2455.007,1.021570959573296
2457.007,1.0214158903458812
2459.007,1.0206350272312958
2461.007,1.0190925084250662
2463.007,1.0167431373242364
2465.007,1.0136323825273674
2467.007,1.009896377834537
2469.007,1.0057609430631629
2471.007,1.001219350855293
2473.007,0.9970862144467773
2475.007,0.9933526849139478
2477.007,0.9902451532649924
2479.007,0.9878993453065824
2481.007,0.9863603216438716
2483.007,0.9855824776804966
2485.007,0.9854295436185776
2487.007,0.9856745844587176
2489.007,0.9860000000000024
2491.007,0.9860000000000024
2493.007,0.9860007348168496
2495.007,0.9874701848064396
2497.007,0.9885685726999236
2499.007,0.9864042717352722
2501.007,0.9817931327283362
2503.007,0.9755510064949664
2505.007,0.9684937438510136
2507.007,0.9614349933656878
2509.007,0.9537273964823576
2511.007,0.9480228659804036
2513.007,0.94802888408018
2515.007,0.9537435933279904
2517.007,0.9614526170322248
2519.007,0.9685096756114032
2521.007,0.9755834028858776
2523.007,0.9906952347530864
2525.007,0.9930603040801604
2527.007,0.9843336225221117
2529.007,0.9661757685240728
2531.007,0.9439513566433602
2533.007,0.9219631515151548
2535.007,0.9012153193473226
2537.007,0.8841787226107255
2539.007,0.8733242237762261
2541.007,0.8711226853146872
2543.007,0.8800000000000022
2545.007,0.8800000000000022
2547.007,0.8799882810456395
2549.007,0.8770658668015301
2551.007,0.8778115259636484
2553.007,0.881409407716144
2555.007,0.8870436612431658
2557.007,0.893898435728863
2559.007,0.9011445042597974
2561.007,0.8991143834421726
2563.007,0.9069723966718886
2565.007,0.9214318306622322
2567.007,0.9392059721264904
2569.007,0.9570377306903664
2571.007,0.979026548889711
2573.007,0.999793842648583
2575.007,1.0226856026429747
2577.007,1.0320587286397849
2579.007,1.027074059799852
2581.007,1.0069262470862508
2583.007,0.9932175058275096
2585.007,0.9787044172494208
2587.007,0.9664723455710986
2589.007,0.9563125553613084
2591.007,0.9469771824009354
2593.007,0.9409137791375316
2595.007,0.9405253525641056
2597.007,0.9334682430069964
2599.007,0.926415055773824
2601.007,0.9202647420297412
2603.007,0.9156449758620436
2605.007,0.913394918109892
2607.007,0.9143370250669924
2609.007,0.915603109087658
2611.007,0.9153956847406526
2613.007,0.915199985126209
2615.007,0.915039320267638
2617.007,0.9149370001882492
2619.007,0.9149163349113524
2621.007,0.9150000000000024
2623.007,0.9150000000000024
2625.007,0.9149851197753318
2627.007,0.9090456780981282
2629.007,0.9105496554727353
2631.007,0.9178420402441412
2633.007,0.9292678207573344
2635.007,0.9431719853573032
2637.007,0.9578876605666482
2639.007,0.9599662178209504
2641.007,0.9743450390365396
2643.007,0.9960823992716912
2645.007,1.02023657358468
2647.007,1.041903450935032
2649.007,1.0711646258659877
2651.007,1.1061480762019416
2653.007,1.134334319925287
2655.007,1.1378958686866674
2657.007,1.1176485733019326
2659.007,1.0744382686379697
2661.007,1.03895134549696
2663.007,1.0034700619716876
2665.007,0.9720925677414656
2667.007,0.9401245849732351
2669.007,0.9314826939137396
2671.007,0.9477939132162394
2673.007,0.9720592513698728
2675.007,0.9926281813886144
2677.007,1.0203261292781618
2679.007,1.0452992189820862
2681.007,1.0534582428838004
2683.007,1.045642361822465
2685.007,1.0226907366372413
2687.007,0.9854536868482852
2689.007,0.9570287536919194
2691.007,0.9318958760669194
2693.007,0.9133417672599982
2695.007,0.9046531405578696
2697.007,0.9090942718197064
2699.007,0.9150000000000024
2701.007,0.9150000000000024
2703.007,0.9150000000000024
2705.007,0.9149822452996124
2707.007,0.910548008877352
2709.007,0.9072407027437002
2711.007,0.9138094487016688
2713.007,0.9277833842803956
2715.007,0.946691647009018
2717.007,0.9680633744166738
2719.007,0.9894277040325
2721.007,1.0083137733856344
2723.007,1.0222507200052149
2725.007,1.028767681420378
2727.007,1.0254386750973596
2729.007,1.0210000000000026
2731.007,1.0210000000000026
2733.007,1.0210155469998194
2735.007,1.025453660197483
2737.007,1.028761716269584
2739.007,1.0221934173192624
2741.007,1.0082196258173808
2743.007,0.989311204234802
2745.007,0.967939015042388
2747.007,0.9465636563872076
2749.007,0.9247522868553908
2751.007,0.911558214596601
2753.007,0.9086364512658504
2755.007,0.917602709157502
2757.007,0.9288948395588464
2759.007,0.9361544862193916
2761.007,0.9430031463758
2763.007,0.9485417352875666
2765.007,0.9521426827593368
2767.007,0.95296682795195
2769.007,0.950200955955836
2771.007,0.9503967893037452
2773.007,0.950604429149309
2775.007,0.9508837997349516
2777.007,0.9510233101515816
2779.007,0.9510229603991998
2781.007,0.9508827504778056
2783.007,0.9506032109557134
2785.007,0.9503957808857836
2787.007,0.9502030055777164
2789.007,0.9529756981976486
2791.007,0.952136212556016
2793.007,0.9485237094919796
2795.007,0.9429768195416696
2797.007,0.9361232641503074
2799.007,0.9288626004274504
2801.007,0.9220106791889492
2803.007,0.9163655788133014
2805.007,0.9083400287621894
2807.007,0.9043077159547526
2809.007,0.9138149240037384
2811.007,0.9277919586241296
2813.007,0.9467020788069772
2815.007,0.9715388131681844
2817.007,0.995252798483568
2819.007,1.0143822354801375
2821.007,1.0254653248849048
2823.007,1.025040267424882
